,Sequence_87,Sequence_86,Sequence_85,Sequence_84,Sequence_83,Sequence_82,Sequence_81,Sequence_80,Sequence_79,Sequence_78,Sequence_77,Sequence_76,Sequence_75,Sequence_74,Sequence_73,Sequence_72,Sequence_71,Sequence_70,Sequence_69,Sequence_68,Sequence_67,Sequence_66,Sequence_65,Sequence_64,Sequence_63,Sequence_62,Sequence_61,Sequence_60,Sequence_59,Sequence_58,Sequence_57,Sequence_56,Sequence_55,Sequence_54,Sequence_53,Sequence_52,Sequence_51,Sequence_50,Sequence_49,Sequence_48,Sequence_47,Sequence_46,Sequence_45,Sequence_44,Sequence_43,Sequence_42,Sequence_41,Sequence_40,Sequence_39,Sequence_38,Sequence_37,Sequence_36,Sequence_35,Sequence_34,Sequence_33,Sequence_32,Sequence_31,Sequence_30,Sequence_29,Sequence_28,Sequence_27,Sequence_26,Sequence_25,Sequence_24,Sequence_23,Sequence_22,Sequence_21,Sequence_20,Sequence_19,Sequence_18,Sequence_17,Sequence_16,Sequence_15,Sequence_14,Sequence_13,Sequence_12,Sequence_11,Sequence_10,Sequence_9,Sequence_8,Sequence_7,Sequence_6,Sequence_5,Sequence_4,Sequence_3,Sequence_1
Sequence_87,,,,,,,,,,,,,,,,,,,,,,,,,,,,,,,,,,,,,,,,,,,,,,,,,,,,,,,,,,,,,,,,,,,,,,,,,,,,,,,,,,,,,,
Sequence_86,4.23467619,,,,,,,,,,,,,,,,,,,,,,,,,,,,,,,,,,,,,,,,,,,,,,,,,,,,,,,,,,,,,,,,,,,,,,,,,,,,,,,,,,,,,
Sequence_85,19.19319472,47.14715523,,,,,,,,,,,,,,,,,,,,,,,,,,,,,,,,,,,,,,,,,,,,,,,,,,,,,,,,,,,,,,,,,,,,,,,,,,,,,,,,,,,,
Sequence_84,4.48672435,57.0028895,16.54619921,,,,,,,,,,,,,,,,,,,,,,,,,,,,,,,,,,,,,,,,,,,,,,,,,,,,,,,,,,,,,,,,,,,,,,,,,,,,,,,,,,,
Sequence_83,46.0917273,5.19076318,10.58969055,3.28356313,,,,,,,,,,,,,,,,,,,,,,,,,,,,,,,,,,,,,,,,,,,,,,,,,,,,,,,,,,,,,,,,,,,,,,,,,,,,,,,,,,
Sequence_82,2.89550239,2.43628265,52.69079887,6.17321998,5.01197105,,,,,,,,,,,,,,,,,,,,,,,,,,,,,,,,,,,,,,,,,,,,,,,,,,,,,,,,,,,,,,,,,,,,,,,,,,,,,,,,,
Sequence_81,2.55457608,6.71435035,47.88231097,2.57409358,3.4238471,5.97548712,,,,,,,,,,,,,,,,,,,,,,,,,,,,,,,,,,,,,,,,,,,,,,,,,,,,,,,,,,,,,,,,,,,,,,,,,,,,,,,,
Sequence_80,11.82592943,13.22732135,51.25084499,11.01478969,8.57074776,2.81927183,4.80586735,,,,,,,,,,,,,,,,,,,,,,,,,,,,,,,,,,,,,,,,,,,,,,,,,,,,,,,,,,,,,,,,,,,,,,,,,,,,,,,
Sequence_79,4.40386398,56.14049351,54.27611569,4.17193529,29.79718459,5.58544092,2.89486658,3.91456513,,,,,,,,,,,,,,,,,,,,,,,,,,,,,,,,,,,,,,,,,,,,,,,,,,,,,,,,,,,,,,,,,,,,,,,,,,,,,,
Sequence_78,56.04523471,2.90112199,59.46136431,61.0322028,55.80387419,2.67131561,59.08121173,11.47922776,58.51972707,,,,,,,,,,,,,,,,,,,,,,,,,,,,,,,,,,,,,,,,,,,,,,,,,,,,,,,,,,,,,,,,,,,,,,,,,,,,,
Sequence_77,4.07345455,4.19529189,53.17126341,3.59234951,6.50991463,46.90799537,4.65481942,7.46327103,3.91133719,7.97224462,,,,,,,,,,,,,,,,,,,,,,,,,,,,,,,,,,,,,,,,,,,,,,,,,,,,,,,,,,,,,,,,,,,,,,,,,,,,
Sequence_76,2.49848673,4.76273518,52.89512898,7.9098752,6.02992338,6.33537597,1.8270798,3.6625129,5.03364511,8.05620451,2.18948781,,,,,,,,,,,,,,,,,,,,,,,,,,,,,,,,,,,,,,,,,,,,,,,,,,,,,,,,,,,,,,,,,,,,,,,,,,,
Sequence_75,4.43867676,7.12937603,4.8652752,14.85693913,10.54064065,14.51410304,43.3567627,49.3762058,54.70011463,9.32320288,50.72751106,51.78729975,,,,,,,,,,,,,,,,,,,,,,,,,,,,,,,,,,,,,,,,,,,,,,,,,,,,,,,,,,,,,,,,,,,,,,,,,,
Sequence_74,4.43867676,7.09141741,4.8652752,14.85693913,10.54064065,14.51410304,43.3567627,49.78547884,54.91382388,8.93550663,50.72751106,51.78729975,0.000001,,,,,,,,,,,,,,,,,,,,,,,,,,,,,,,,,,,,,,,,,,,,,,,,,,,,,,,,,,,,,,,,,,,,,,,,,
Sequence_73,4.43867676,7.00301617,4.8652752,14.85693913,10.54064065,14.51410304,43.3567627,49.26781219,54.66724233,9.80477771,50.72751106,51.78729975,0.04401884,0.000001,,,,,,,,,,,,,,,,,,,,,,,,,,,,,,,,,,,,,,,,,,,,,,,,,,,,,,,,,,,,,,,,,,,,,,,,
Sequence_72,44.98183196,8.14087931,8.06627863,10.05625862,7.65827401,48.9340784,4.63094298,4.39211248,52.645048,10.04342241,40.91065997,5.03512595,2.10813845,2.10557797,2.23218318,,,,,,,,,,,,,,,,,,,,,,,,,,,,,,,,,,,,,,,,,,,,,,,,,,,,,,,,,,,,,,,,,,,,,,,
Sequence_71,48.70230819,19.84663962,7.05931706,51.00338932,49.02042786,41.46865924,51.89399175,44.3350954,51.72171788,18.99821657,17.03148056,18.11655573,7.85718564,7.69087717,7.60457814,10.8571256,,,,,,,,,,,,,,,,,,,,,,,,,,,,,,,,,,,,,,,,,,,,,,,,,,,,,,,,,,,,,,,,,,,,,,
Sequence_70,44.7536258,4.23066651,11.17224303,53.13016703,3.36911861,23.80895218,10.78760828,7.89464236,20.55203128,5.73784712,7.92387552,10.12036429,7.25422965,7.25422965,7.25422965,39.56597356,6.1253333,,,,,,,,,,,,,,,,,,,,,,,,,,,,,,,,,,,,,,,,,,,,,,,,,,,,,,,,,,,,,,,,,,,,,
Sequence_69,43.33140611,4.67025062,11.09313736,53.29041585,3.14282026,24.13228019,10.56753636,7.73212111,20.46374539,6.33564379,7.80688254,10.08869365,7.13545991,7.13545991,7.13545991,37.89319751,6.22826286,0.09224456,,,,,,,,,,,,,,,,,,,,,,,,,,,,,,,,,,,,,,,,,,,,,,,,,,,,,,,,,,,,,,,,,,,,
Sequence_68,40.58412475,2.71357473,5.65306088,53.97964897,3.56306273,6.96672909,54.36165119,53.86547658,55.39392804,3.35541053,16.03518451,27.33312858,5.06232651,5.06232651,5.06232651,8.6889409,3.98430457,0.76097596,0.91610083,,,,,,,,,,,,,,,,,,,,,,,,,,,,,,,,,,,,,,,,,,,,,,,,,,,,,,,,,,,,,,,,,,,
Sequence_67,3.95612835,49.35341056,44.64291872,4.46445828,10.39038261,5.39401658,3.87665833,2.91098329,2.72890753,57.70854506,12.17798169,2.67830327,46.78410246,47.34100927,46.59765802,43.26717419,44.28454962,48.02862482,47.85275184,52.39231851,,,,,,,,,,,,,,,,,,,,,,,,,,,,,,,,,,,,,,,,,,,,,,,,,,,,,,,,,,,,,,,,,,
Sequence_66,4.19110365,52.27722097,5.95749827,3.48519508,4.46256627,6.16727391,3.51883365,2.64354919,2.1290511,35.54284207,8.35043822,3.02214938,47.41900234,47.93330499,47.25546955,40.84273568,47.54645308,46.70903476,46.43487824,54.43259066,0.20825414,,,,,,,,,,,,,,,,,,,,,,,,,,,,,,,,,,,,,,,,,,,,,,,,,,,,,,,,,,,,,,,,,
Sequence_65,37.86153991,5.81846843,48.63586044,3.96348496,5.51796788,50.54007304,4.34442932,2.95694349,52.84967092,7.73617168,2.42326507,3.23321717,43.09783789,43.09783789,43.09783789,13.93122912,16.19553662,9.4366656,9.41550833,28.57599009,5.54323634,3.82135559,,,,,,,,,,,,,,,,,,,,,,,,,,,,,,,,,,,,,,,,,,,,,,,,,,,,,,,,,,,,,,,,
Sequence_64,2.73112458,7.30253058,44.91293192,3.76155609,4.57111696,4.1660762,3.0956672,2.69885838,3.0617856,24.44322881,4.4673593,2.40625837,48.24822943,48.24822943,48.24822943,45.32163671,8.07228926,14.81338844,14.71409497,52.78606626,0.95607438,1.06510702,3.88005827,,,,,,,,,,,,,,,,,,,,,,,,,,,,,,,,,,,,,,,,,,,,,,,,,,,,,,,,,,,,,,,
Sequence_63,29.53990359,8.41511073,2.60016719,4.92129131,7.77335558,17.79010723,48.28650593,47.54944975,52.1107625,9.32561238,52.92557539,52.18103548,5.88194591,6.00982863,6.00929047,6.57895211,4.6863017,7.27430571,7.17978993,4.37852896,52.79365037,53.16797911,53.67142779,49.90132206,,,,,,,,,,,,,,,,,,,,,,,,,,,,,,,,,,,,,,,,,,,,,,,,,,,,,,,,,,,,,,
Sequence_62,37.05367446,10.39516741,2.96981092,5.05075837,7.19640993,11.30686457,48.84900221,8.68484461,?,31.42348036,50.94236011,51.38580174,5.27169509,5.40545539,5.43466516,5.9878616,4.52634636,7.25260553,7.16492546,5.26075097,48.53378485,48.84923198,51.43835602,42.26454969,0.12003181,,,,,,,,,,,,,,,,,,,,,,,,,,,,,,,,,,,,,,,,,,,,,,,,,,,,,,,,,,,,,
Sequence_61,2.59108141,52.39742564,53.14100099,5.57311248,5.09659548,2.60407681,2.4448065,2.78393164,3.86137636,13.45961607,50.29917534,4.4326942,50.85223724,50.85223724,50.85223724,4.19776122,48.04738404,11.48482502,11.21530218,47.42532194,3.36281245,3.17182642,5.47105234,2.90743804,9.39406939,4.84185186,,,,,,,,,,,,,,,,,,,,,,,,,,,,,,,,,,,,,,,,,,,,,,,,,,,,,,,,,,,,
Sequence_60,6.51049782,50.84891964,8.32063293,42.51599523,8.41445124,10.50996497,46.36851865,46.93155941,53.03632861,56.40617229,50.2205595,51.54221544,2.16723289,2.17379299,2.21323952,2.53996061,5.59804641,53.45485699,53.38025672,6.42900614,38.02808178,34.87286349,50.70210164,45.90693921,8.89043614,7.31060681,45.08992403,,,,,,,,,,,,,,,,,,,,,,,,,,,,,,,,,,,,,,,,,,,,,,,,,,,,,,,,,,,
Sequence_59,8.93289031,5.61704363,50.88842671,3.39199937,2.26681707,2.51735141,3.61211919,2.96799637,4.6359328,6.51523627,4.1607074,4.50616718,46.92440343,47.41420939,46.76470322,46.84682693,50.3828757,3.79108313,4.34683377,12.60252056,3.13306876,2.87218935,3.60166068,3.72040723,52.15070916,49.11353832,2.78760051,43.88678526,,,,,,,,,,,,,,,,,,,,,,,,,,,,,,,,,,,,,,,,,,,,,,,,,,,,,,,,,,
Sequence_58,3.05205187,7.38022021,46.76447203,2.97943215,1.09820857,4.35855433,2.49949586,2.72433861,3.14660454,59.48592455,6.46374432,3.23671517,44.21580085,44.21580085,44.21580085,43.55514549,48.95928918,16.29894816,16.02032771,54.35678567,2.09972038,1.94066798,3.93701097,3.08602542,53.20430099,48.0046148,3.38122697,44.01020518,2.53935872,,,,,,,,,,,,,,,,,,,,,,,,,,,,,,,,,,,,,,,,,,,,,,,,,,,,,,,,,
Sequence_57,0.92710858,41.03083921,52.8240462,7.02063844,49.01651276,3.3434093,4.23394184,53.30337855,53.03013298,54.93335606,5.82305694,3.23266789,3.704207,3.704207,3.704207,55.59247345,4.94916559,48.63250894,48.04563451,45.06975973,2.23281128,2.37582256,51.25053583,1.62779668,52.80780415,52.93219266,2.20481418,5.8034697,51.69029104,5.73665456,,,,,,,,,,,,,,,,,,,,,,,,,,,,,,,,,,,,,,,,,,,,,,,,,,,,,,,,
Sequence_56,47.73813734,19.58716317,48.18734057,3.0437583,4.32853228,5.51286079,3.64246771,2.71424621,20.35749085,18.76117465,8.48075732,4.68871559,43.54766763,43.54766763,43.54766763,11.55732672,13.5372507,5.12819783,5.0242949,6.48839987,7.63029299,5.84288421,3.84685458,7.58577371,21.67962635,9.56363478,5.20528136,49.58851513,2.16028039,2.27139407,10.51500854,,,,,,,,,,,,,,,,,,,,,,,,,,,,,,,,,,,,,,,,,,,,,,,,,,,,,,,
Sequence_55,45.56866471,5.01902674,46.83588235,4.25474547,2.96680452,50.49928783,3.20981358,5.13078466,8.19964552,9.02447197,1.69818418,3.89045442,42.07571921,42.07571921,42.07571921,32.54807508,20.156673,8.03305666,7.93339764,19.17249016,4.17266524,4.78720673,1.88690976,5.28528909,53.68163278,51.59393179,8.53119157,51.42682163,5.55522127,5.25131261,51.24666367,3.296112,,,,,,,,,,,,,,,,,,,,,,,,,,,,,,,,,,,,,,,,,,,,,,,,,,,,,,
Sequence_54,4.64833203,53.95884512,43.18387865,4.14174205,4.50849234,49.96780048,2.59133665,39.37975545,4.50863454,59.64942328,51.05712164,4.91831125,47.27158807,47.54431163,47.1990923,12.08286166,48.48545531,53.14320634,53.15281403,52.94232521,3.69543538,3.93470771,8.14473153,7.94491379,52.35122432,48.43862803,4.70903088,41.76711749,46.32809131,3.75536375,5.23422085,5.27508554,3.09448061,,,,,,,,,,,,,,,,,,,,,,,,,,,,,,,,,,,,,,,,,,,,,,,,,,,,,
Sequence_53,3.6368433,5.56940992,51.33448127,3.60994549,3.07918988,4.47360438,1.68631984,2.79034109,3.69516828,52.11823576,4.08770408,2.7554333,8.67282346,8.67282346,8.67282346,2.85713878,52.22626329,7.43221407,7.23345633,20.86577311,4.80754616,4.39544521,2.67759504,3.52479348,3.40425218,2.41670696,1.77806363,28.19917664,2.60304963,2.82735713,50.8766941,3.22164919,1.85118876,4.44585296,,,,,,,,,,,,,,,,,,,,,,,,,,,,,,,,,,,,,,,,,,,,,,,,,,,,
Sequence_52,2.59074991,4.96966445,49.8452338,2.98207874,4.71310289,6.76964501,1.92413318,3.4215069,4.592692,6.83594594,4.66617286,2.6404616,42.5326008,42.5326008,42.5326008,5.68104125,52.17855715,11.25393842,11.14825175,15.12179382,3.95138659,3.62096474,5.54963881,3.78260723,47.5837174,7.12570806,2.20923334,46.22403074,2.59491687,3.72471269,3.02876093,3.97754904,3.51999435,3.21787913,1.40627078,,,,,,,,,,,,,,,,,,,,,,,,,,,,,,,,,,,,,,,,,,,,,,,,,,,
Sequence_51,46.07474125,8.77365205,3.92677191,48.97196791,3.7571335,16.48231005,49.57794535,50.00099053,51.03965248,55.73850949,47.46174137,48.61019489,6.70844202,6.38797801,6.8847647,7.20205616,3.31716348,1.92232394,2.25845005,1.87794791,49.18745502,49.10740963,46.54878266,43.91676621,3.85892689,3.77557598,40.12549161,5.1363596,50.90955875,47.61849513,43.69398446,47.0567595,49.13765391,51.01385561,49.78454422,50.45800287,,,,,,,,,,,,,,,,,,,,,,,,,,,,,,,,,,,,,,,,,,,,,,,,,,
Sequence_50,48.36209904,53.1343422,10.76504568,22.3954316,52.4020012,50.1452196,4.22253425,53.00171941,51.59181291,4.44330467,39.94390189,4.88236827,2.96183419,2.96183419,2.96183419,3.98447389,27.83840345,14.44859969,14.23816212,10.32956367,7.77467751,5.89013092,53.67098533,51.52612136,46.50377936,46.86197924,5.124263,9.52458673,38.40864161,29.88621528,55.19073789,5.79502034,20.97977237,6.37056872,4.32813566,4.74059027,57.24898294,,,,,,,,,,,,,,,,,,,,,,,,,,,,,,,,,,,,,,,,,,,,,,,,,
Sequence_49,2.59206703,51.17224905,3.87222665,11.29602617,6.73817314,8.53184873,8.4955008,47.03755612,50.63378942,23.32397767,47.94463602,45.02961264,6.73476281,6.84269457,6.74960458,8.76558827,3.55734599,2.49348907,2.56411683,2.48878312,46.37082081,6.39859558,48.53275477,40.33795055,2.22819356,2.09008748,6.99018944,7.9611437,50.65132294,10.76293783,4.90312229,49.74414145,47.92213177,47.17334958,48.53863807,44.25964434,3.51488757,7.20365119,,,,,,,,,,,,,,,,,,,,,,,,,,,,,,,,,,,,,,,,,,,,,,,,
Sequence_48,5.75196246,48.97688923,51.3553866,7.1853694,44.57174238,3.62213941,4.16722219,3.60297213,5.57043443,53.99626285,19.94504483,4.021686,9.58579738,9.58579738,9.58579738,47.00720872,2.52629612,3.18064272,3.61984871,2.24249191,3.08848265,3.43984401,4.38299086,5.72418213,41.67322993,12.6821585,10.62439731,45.35393029,2.63855552,2.82236039,4.75618282,3.91881124,41.80401454,11.50363352,5.08343714,3.55565277,3.98363335,4.24653063,3.9746342,,,,,,,,,,,,,,,,,,,,,,,,,,,,,,,,,,,,,,,,,,,,,,,
Sequence_47,3.29909723,5.18009385,47.87188967,2.82426558,3.26854175,3.84050765,2.9815413,4.69979358,5.19066842,57.73448939,3.80820766,3.38869801,43.25047137,43.25047137,43.25047137,43.13490624,49.61547805,46.20731252,45.85598247,42.97029865,2.53237453,2.68425524,3.57997607,2.91081088,8.75977075,56.65956753,3.55261963,42.47469941,3.33552992,2.20303875,11.43577224,5.65515301,2.40228541,3.43242138,2.38633595,2.56546283,48.85451177,30.80812812,49.5574283,3.66725658,,,,,,,,,,,,,,,,,,,,,,,,,,,,,,,,,,,,,,,,,,,,,,
Sequence_46,13.80360122,16.50307409,38.08190261,57.12645125,58.79611289,56.90374087,53.03104606,56.9916291,55.17083534,53.11486568,57.38405088,56.27374371,13.93107126,13.93107126,13.93107126,54.76423872,11.76555153,44.07037458,44.15151343,46.74119057,57.72867721,57.48241434,58.68440701,57.41463078,58.68960157,58.75495335,57.09738151,57.29859247,56.6290439,3.62025313,58.64660787,9.42950385,55.78776657,5.69387311,53.96248202,52.99035348,61.60577446,7.71888793,58.78041964,17.96174309,56.01163183,,,,,,,,,,,,,,,,,,,,,,,,,,,,,,,,,,,,,,,,,,,,,
Sequence_45,5.9906052,3.61575157,49.46146117,8.80952981,45.74931289,6.72524933,6.76458945,12.37411172,5.20054779,58.45220363,8.04864816,6.50466424,7.47548113,7.47548113,7.47548113,36.173193,48.08368112,5.87890881,5.7435931,4.82246637,9.64624699,7.81591751,10.52668897,7.11165073,36.7836057,42.40862865,4.22354132,12.6170847,5.97715764,3.17970507,12.86408954,3.98401851,10.86571,43.28991357,10.51657691,16.71771801,5.37929884,6.60103558,41.85120384,4.77148353,8.57905806,9.06576797,,,,,,,,,,,,,,,,,,,,,,,,,,,,,,,,,,,,,,,,,,,,
Sequence_44,?,0.000001,45.09211575,61.22387443,?,3.34916303,60.99315434,13.77190524,58.71523401,2.5575737,3.44294225,4.883707,4.71538435,4.44342129,4.45418675,5.53556963,13.22365122,2.547807,2.547807,2.00116009,53.53616477,56.09245541,4.66537197,14.1115983,6.35512375,7.81705044,58.36174885,53.60059615,13.18228709,58.57865231,?,5.8196066,6.62881111,56.40852519,?,?,7.88878558,?,53.4572122,?,29.66884269,?,?,,,,,,,,,,,,,,,,,,,,,,,,,,,,,,,,,,,,,,,,,,,
Sequence_43,5.2999035,53.78245247,6.91274216,5.26016376,6.34653106,49.74181469,5.78342196,48.57290812,52.59596472,60.08077462,9.80125608,49.71552011,9.31036847,9.57530514,9.27685322,9.03206725,5.81948382,6.53015624,6.41327598,10.18691544,49.19861855,3.98252536,50.69373801,5.72703103,3.37308069,3.22224295,37.75474419,3.37498553,46.72609633,49.57728917,4.05888951,48.38286584,5.97914363,45.74992478,6.43526178,22.61012746,6.05105832,50.63324805,2.77033046,43.61176626,3.9910588,57.192129,46.59502507,56.86215075,,,,,,,,,,,,,,,,,,,,,,,,,,,,,,,,,,,,,,,,,,
Sequence_42,16.35264082,18.63216027,8.3393998,3.04862289,5.70393903,2.13554233,7.79353772,7.74827828,52.38601817,60.46444557,9.99341533,46.00630513,5.75004527,5.75004527,5.75004527,7.2851794,6.4804804,2.49507621,2.89025895,2.26397244,36.56387356,6.91482267,47.52898852,10.2615657,4.09543385,4.50685131,46.88066848,5.85064297,2.79851761,3.57942026,55.16078398,4.64879641,37.44735423,47.67600165,43.75699898,48.60764848,3.99803731,10.84995316,3.08604334,3.21518218,10.60289837,52.12617797,5.73444764,?,6.28213323,,,,,,,,,,,,,,,,,,,,,,,,,,,,,,,,,,,,,,,,,
Sequence_41,63.86001708,48.49110181,3.92329017,8.737366,2.46850384,45.99730242,3.53643044,47.31223958,45.75380833,57.10658957,48.21090242,3.78483817,3.4183618,3.4183618,3.4183618,45.12271553,52.3460405,4.21419069,3.98262585,3.94205226,44.79300004,44.79300004,54.26205424,46.28730107,49.73923087,50.21891738,4.22893583,46.38489162,12.08878735,4.43992822,3.47950469,3.50869214,47.25671463,48.24839168,9.33095633,48.13657489,5.01360028,58.23426954,2.97515927,10.76388607,48.29528538,61.49972351,7.95293846,?,47.2214486,46.98316357,,,,,,,,,,,,,,,,,,,,,,,,,,,,,,,,,,,,,,,,
Sequence_40,3.64410486,5.89279883,46.31164095,3.17999117,3.48258691,4.80276748,4.38110398,2.72731705,5.93426186,8.02585336,3.52366525,2.40179212,6.06759343,6.06759343,6.06759343,13.6756266,15.83329678,5.82462881,5.75959926,8.69167793,4.78980353,3.77286866,2.13816715,3.46570413,50.28447606,50.3890056,50.18138267,51.46702772,5.92562015,2.26221143,4.33606192,3.60325232,3.6122711,9.08089456,3.02806919,5.26181565,38.94538365,9.97496556,45.67157168,3.2395824,3.57213721,21.92438859,4.13527366,5.32530322,5.47652892,2.74483832,36.3822014,,,,,,,,,,,,,,,,,,,,,,,,,,,,,,,,,,,,,,,
Sequence_39,2.35785275,53.78452545,47.45082415,3.12692652,3.99570931,4.64580016,2.60218622,7.51767277,2.78318616,59.53285078,4.15698743,2.37143337,49.61896024,49.61896024,49.61896024,46.65120472,47.51974684,48.77830998,48.59512201,54.92502038,1.32081628,1.1816403,3.59097039,0.88171563,53.41649388,48.72837653,1.56834965,46.4115019,7.92260469,3.01692831,1.33226597,7.9564307,4.5269763,3.80293356,2.9606914,2.48752817,48.70282194,21.15974398,48.13330051,18.03056134,2.29826183,57.93470361,17.75746229,58.37598256,6.33712624,40.43791082,40.04542686,3.46075856,,,,,,,,,,,,,,,,,,,,,,,,,,,,,,,,,,,,,,
Sequence_38,45.66328936,54.93082185,6.86026637,8.77036308,4.8184846,52.21998624,4.32004224,3.87308616,2.73621909,30.989622,3.98155437,5.87666096,49.35863984,49.63942845,49.30043227,43.30585102,8.23798232,11.25896752,11.20822633,8.00579246,2.80112877,2.0322276,4.24236047,4.12183549,3.7327553,3.39539216,45.05724834,46.88913717,6.34287247,2.1689079,53.83179686,?,4.72803772,46.30089176,5.32176379,6.78497887,7.00578899,50.81293508,9.5236732,49.03263588,5.07562767,58.69694976,19.22170069,58.67764182,5.48060583,6.6808132,48.97819393,2.45822444,3.5823951,,,,,,,,,,,,,,,,,,,,,,,,,,,,,,,,,,,,,
Sequence_37,3.98737905,6.78093821,53.50011524,4.25286774,2.90966502,5.80449951,2.35577177,4.18850549,4.21196261,55.8122416,6.0126395,3.22242261,6.60693708,6.60693708,6.60693708,6.00301446,50.65026676,4.66196384,4.53039095,5.92698258,4.27915104,4.27845195,3.69939515,2.41515265,47.16935058,47.31246995,4.50365582,11.64304841,4.07929658,4.50339373,9.88078248,5.83559543,6.08177678,10.70907993,1.92419002,3.17744902,41.81230392,9.45413193,49.99542558,2.78357759,3.26170748,15.45545354,5.55462207,?,4.4103656,5.75158117,9.83260036,1.55650523,4.15037384,7.81754422,,,,,,,,,,,,,,,,,,,,,,,,,,,,,,,,,,,,
Sequence_36,2.11992034,5.65117333,50.76629813,5.054449,3.79835181,1.5718946,2.47035819,2.47294641,3.34197837,2.78937057,7.54906753,2.62494772,7.25981326,7.25981326,7.25981326,2.38596658,56.94016181,3.50778904,3.11914785,4.46094755,2.73683076,2.73683076,9.03041561,3.164722,50.92377354,51.05948657,1.49537633,11.82988743,2.26611972,1.49627958,2.86472628,3.76000484,14.32097553,4.04164332,2.17238987,3.6028915,48.36861179,50.4206866,3.47694744,2.5440473,2.95744713,57.00961656,5.90416986,?,6.37406472,6.74673388,5.02958708,4.59329656,3.26664744,5.0277419,3.67729714,,,,,,,,,,,,,,,,,,,,,,,,,,,,,,,,,,,
Sequence_35,46.49186111,36.07643468,4.9675629,44.15273967,5.25401854,20.40627309,49.60020441,48.71773539,46.67069791,57.41940189,48.25815693,48.37657628,9.40056931,9.40056931,9.40056931,9.29378896,3.21300111,2.8307821,3.20372887,3.40604854,48.81996596,45.16339271,45.81675043,43.84934262,4.22194544,4.07915551,46.44083602,4.60580855,7.77031919,47.6262849,44.54252826,47.73142138,48.50886478,51.14231854,48.69088889,50.45376276,0.26295297,57.35799656,3.44795279,44.80794505,49.08643261,61.94723407,13.76578516,27.77385006,5.04414702,5.14474184,4.55606711,40.13498884,48.95837039,6.8883757,43.41836203,46.41459133,,,,,,,,,,,,,,,,,,,,,,,,,,,,,,,,,,
Sequence_34,48.25195224,45.04064734,5.78988935,47.17033734,46.86192317,39.8010302,50.18522797,11.52143538,50.86323453,14.85188732,51.50092801,50.80688331,9.14726363,9.14726363,9.14726363,9.10583334,2.61013087,3.34832602,3.76166702,3.41473104,43.18067106,46.11692922,49.75749772,8.41502591,4.15000566,3.78508085,49.2823348,4.50215278,3.09118742,47.69523761,45.89589168,49.08170544,51.06337867,51.99064292,49.46693265,9.11526091,0.43871597,57.22524352,3.67779852,9.5216114,49.56017799,61.53983904,42.21984232,48.09352325,5.56103463,5.56169187,5.73244931,48.96441302,49.18580175,6.44092289,22.49810029,48.69357084,0.95057782,,,,,,,,,,,,,,,,,,,,,,,,,,,,,,,,,
Sequence_33,7.79587592,3.98822934,51.74858733,57.92239292,2.35336172,5.98317567,3.40435516,18.3476391,55.89844032,5.05896316,4.82041337,3.66999748,6.04628042,5.76680151,5.88620757,7.04160087,16.24672429,4.82846462,4.70514522,4.79825365,51.2905121,53.39579197,5.5171721,5.32163121,54.09625532,52.55432214,6.63256026,?,4.89062148,55.90515402,54.69471467,5.13200588,5.17395427,54.57370665,4.25773604,3.83336432,29.72459716,8.40616813,53.91140617,4.12246888,4.83167041,19.98221986,3.78670754,2.39840828,55.4497847,7.26902321,3.79945714,4.75536946,6.64737038,54.70383999,4.31252343,3.31112135,21.54500705,43.85769669,,,,,,,,,,,,,,,,,,,,,,,,,,,,,,,,
Sequence_32,39.08897694,10.5256914,2.13399544,41.67991795,7.23083638,53.26006408,46.49415262,53.50385057,53.65687053,59.31664741,54.12851829,53.47582825,4.55471844,4.5823099,4.80723723,5.89939513,4.82237973,7.57651913,7.50345231,5.29560114,52.13848275,52.53032877,54.22036255,51.69072183,1.26530115,1.30327523,51.40271079,7.18302168,52.52960652,32.25461405,8.76917752,53.52234096,54.82912715,30.37251374,49.78951948,50.64861176,3.91213139,56.12608163,4.31438177,54.67124916,54.33423387,60.84055843,50.0287961,9.1270632,5.14808882,4.54788347,9.33757381,54.75871649,50.34546263,3.63459683,53.65107673,48.63539138,4.26003858,4.66591022,53.95889291,,,,,,,,,,,,,,,,,,,,,,,,,,,,,,,
Sequence_31,47.17481133,9.12050097,3.06901551,45.52562822,6.97894311,51.63978925,49.16294352,51.2698968,53.89868805,57.18796901,45.41347456,48.22583072,3.8947592,3.90375947,3.69922563,4.89366647,4.44675126,5.75787399,5.65505491,3.6321936,49.17635202,49.49714159,48.95175778,45.15124258,1.33488614,1.28833963,47.58574685,6.42746781,50.72589469,45.56965386,45.90683232,50.78681983,49.59274182,46.00910047,51.02320631,51.58600906,3.72777945,55.39003062,2.46204529,51.18634166,50.41802153,50.89513255,47.57447313,6.96400003,7.44083013,6.12216155,5.39390803,47.77615371,47.64175306,4.70473468,50.61551587,50.44930814,4.3526238,4.63608229,51.5779186,0.82851995,,,,,,,,,,,,,,,,,,,,,,,,,,,,,,
Sequence_30,31.8281106,9.94414216,2.16174127,5.2833186,7.59580849,10.30636512,48.28815891,47.63466509,56.76944862,50.56743516,51.01083486,51.29518271,5.21332852,5.34688217,5.37912877,5.71808672,4.41893221,6.89943058,6.80145938,4.89200786,48.35923802,48.68786859,51.39251707,41.46816264,0.07488005,0.11376844,4.01868847,6.86410662,50.0989295,46.75447104,53.16043442,46.72259903,51.64112058,48.02606778,7.88334464,47.70948981,3.43911188,51.40400968,2.00808686,45.36990498,49.38723275,58.96201252,43.43147601,7.81705044,3.00442759,4.12653647,48.88708676,50.82395329,48.53835383,3.76214391,48.14372106,51.26789622,3.75280148,3.63190562,52.64798211,1.28582675,1.1623332,,,,,,,,,,,,,,,,,,,,,,,,,,,,,
Sequence_29,45.56475573,8.59096283,3.8857116,6.34628503,7.23797155,51.04280145,50.42561263,6.59615115,52.54395677,47.50487079,12.02442745,16.33601284,5.27547721,5.49514753,5.405522,4.82498347,3.46527986,5.9927965,5.89630842,4.36305494,46.93028695,47.13668272,17.79771585,3.59186852,1.21821196,1.32471865,48.61526654,7.04796611,50.5672367,42.00780465,4.54250441,7.76580067,18.2426262,47.05214664,50.92598266,51.1787621,3.5678267,54.76854695,3.20332697,47.34329732,46.12526554,51.92062147,45.89401977,6.70166341,3.78437041,3.0613753,49.76678961,9.1825891,45.45924147,5.50605392,49.32001657,50.03194914,4.78647461,4.90885577,14.21376738,1.18467046,1.33795995,1.15981321,,,,,,,,,,,,,,,,,,,,,,,,,,,,
Sequence_28,36.04798078,10.42054422,2.67570455,5.73076618,6.73136118,16.26319298,48.82046542,44.35056439,50.89298261,47.07622159,51.15144362,51.28042826,5.6860598,5.82728421,5.83581472,6.43311707,4.38719147,7.04941739,6.95251855,5.03799483,48.42183529,48.72656113,51.40664507,41.92457279,0.25254644,0.16470675,5.60002621,8.87012798,49.76386763,47.42021149,52.91230812,47.17781766,51.98391497,47.83723757,48.41133311,46.06990193,3.33402826,54.86813878,2.30374584,46.55260679,48.56786511,59.45638997,47.39369229,7.81705044,3.56113358,4.29522567,49.51406079,51.78859202,48.61578676,3.57979991,49.6479311,50.8503737,3.61693056,3.89163893,53.35399047,1.01558368,1.12918551,0.20797243,1.09701314,,,,,,,,,,,,,,,,,,,,,,,,,,,
Sequence_27,31.8281106,8.09830504,2.16174127,5.2833186,7.59580849,10.30636512,48.28815891,47.63466509,56.76944862,50.1609405,51.01083486,51.29518271,5.21332852,5.34688217,5.37912877,5.71808672,4.41893221,6.89943058,6.80145938,4.89200786,48.35923802,48.68786859,51.39251707,41.46816264,0.11539005,0.16212928,4.01868847,8.19445913,49.79770976,46.75447104,53.16043442,46.72259903,51.64112058,48.02606778,7.88334464,47.70948981,3.51924175,51.40400968,2.14663192,45.36990498,49.38723275,58.96201252,43.43147601,6.0964062,3.00442759,4.12653647,48.88708676,50.82395329,48.53835383,3.70607815,48.14372106,51.26789622,3.75280148,3.63190562,52.58488322,1.23323678,1.25610148,0.03652736,1.15193149,0.25698442,,,,,,,,,,,,,,,,,,,,,,,,,,
Sequence_26,39.23426088,10.5437931,2.13891091,41.75493272,7.46079402,53.29321678,46.5858375,53.3509741,53.24939287,59.31204435,54.13444492,53.4845603,4.43463573,4.3937657,4.64981767,5.67508693,4.90231451,7.62689864,7.55424328,5.40250829,52.00718442,52.37765714,54.20563758,51.70895663,1.2009221,1.23778815,51.40463525,7.00123827,52.4301204,33.62615117,8.28046078,53.52715358,54.81552075,31.07100827,49.79844756,50.65175899,3.87821481,56.1641032,4.4283203,54.65835349,54.29775901,60.82657265,50.05129852,9.14677242,5.01469883,4.41516944,9.98922116,54.76396025,50.3753278,3.69988331,53.62441944,48.64711378,4.36149895,4.81009124,53.98068812,0.08158817,0.86862421,1.22396853,1.36560078,0.95153022,1.16711929,,,,,,,,,,,,,,,,,,,,,,,,,
Sequence_25,9.18012409,9.05898681,3.16125044,35.69931152,7.94667379,50.60484084,46.00796742,42.88004316,52.44039844,57.6796326,2.9715302,41.36024283,5.24156741,4.82867937,5.49292322,5.51403098,4.13155435,4.07840483,3.97795882,4.22509283,48.64725147,49.01993688,33.99984454,42.29042281,1.15371716,1.46021063,46.63935588,5.96422034,50.21956107,42.27597685,49.41154553,11.86446689,43.07900812,44.88407452,7.27623135,47.34398003,2.80268807,49.33459916,3.40103222,8.08491547,9.13008518,58.43296281,34.57255206,7.55748285,4.6852163,4.76240508,49.87002844,6.97470007,45.69799989,6.59677753,39.06881694,49.24912792,4.95503811,5.04588085,51.87682109,1.51918129,1.48184607,1.25600539,1.26214441,1.57568066,1.24473841,1.54303153,,,,,,,,,,,,,,,,,,,,,,,,
Sequence_24,6.80070074,10.42948579,4.70407698,4.81112378,6.77443999,51.42886452,48.93780394,8.51285504,51.85282855,58.84521722,52.41358368,52.60498979,5.56160324,5.67579814,5.60784829,5.40190398,4.54144569,6.06464889,5.96465923,4.86400818,47.84171118,48.11035208,52.88022843,47.51280905,0.62356279,0.67372214,49.11849143,4.77171595,49.51167941,46.24688437,4.51078941,6.03180308,53.24405693,44.70854762,49.24866742,5.67048676,3.51257256,52.24084099,3.55745881,6.73246667,48.200496,58.94862821,48.11544244,6.81425844,4.8963584,4.06201364,48.93503161,52.19951614,47.78570508,3.6337976,47.72099066,51.19442906,3.99734522,4.44697777,55.94910464,1.79105656,1.16498794,0.55678472,1.24700539,0.50307422,0.56622741,1.67696202,1.84394786,,,,,,,,,,,,,,,,,,,,,,,
Sequence_23,37.74045327,10.28872857,2.55531253,6.76784224,6.60354765,48.71314167,48.87541164,46.05098518,50.7290401,47.13334891,50.95898026,51.16916294,5.56878908,5.70883426,5.7233168,6.38479837,4.27113719,7.37774253,7.28711571,5.25836556,48.51396458,48.82617016,51.41326882,42.37710977,0.24799191,0.2052436,5.87221564,8.66194302,49.98128693,47.57422196,52.95151162,48.09133704,51.80783421,48.00420832,49.89611459,46.72009275,3.01725028,54.53862423,2.27405639,48.0533632,48.72733495,59.57925982,47.45175684,7.81705044,3.42533801,4.58806226,49.14777405,51.64385939,48.83240057,3.32566942,49.66461126,51.19576222,3.41358312,3.48956315,53.3252725,0.9614585,1.19002456,0.20422196,1.0522803,0.11615636,0.25231423,0.90295918,1.66170095,0.54816181,,,,,,,,,,,,,,,,,,,,,,
Sequence_22,31.39986196,8.72331372,3.96423541,4.4307601,7.26285952,17.84764138,47.6360446,46.48052192,49.68273048,9.27335004,52.11426656,52.45437951,6.41201898,6.51989604,6.50057164,7.7543768,4.64974892,6.38575318,6.34089601,3.75692326,52.87547455,53.22783538,53.84402647,49.89166666,0.55479189,0.59425379,14.08947158,10.21911319,50.76788989,53.10773702,52.80542367,6.94348698,53.23048723,52.60081209,46.31624913,13.79849945,3.34766302,13.81670277,2.44070077,6.35980982,53.49794497,51.83612309,7.07993934,6.35512375,5.27475614,3.91529913,46.32091487,5.27016639,53.36517498,3.65869591,8.95049985,50.79106893,3.59453026,3.48265357,53.42743295,1.85745199,1.59837923,0.60262758,1.97431935,0.55161792,0.67895198,1.934408,2.06888737,0.93197567,0.53671312,,,,,,,,,,,,,,,,,,,,,
Sequence_21,26.04074355,8.83220428,4.01279842,4.54425752,7.11657123,17.10087828,47.2333671,45.28425353,49.81170875,9.46315694,52.20048421,52.29405784,6.65876149,6.7602535,6.73400504,7.87391963,4.70205403,6.01105159,5.9596145,3.72016803,52.86818714,53.21978383,53.91138797,49.86473133,0.54935397,0.61442482,13.12431866,10.34727437,51.12761175,53.05575399,52.80225927,6.41271064,53.46175232,52.62976236,58.57975758,10.659393,3.29441772,13.9856959,2.61537551,5.8655558,53.28967157,51.63303958,7.01894955,6.35512375,5.02737097,3.00310703,47.45744317,3.65628113,53.59607571,3.94621587,7.10703934,50.69266276,3.54954309,3.8888446,53.43942743,1.96665619,1.68485463,0.5975483,1.76610754,0.44394238,0.67444663,2.04717183,2.02391006,0.82603846,0.49884681,0.07651594,,,,,,,,,,,,,,,,,,,,
Sequence_20,48.05561493,6.98005038,5.84360366,54.18053899,44.31020342,4.27151164,48.02266519,47.33749065,5.20177366,9.22179597,53.39742613,52.33589964,6.10483443,6.25523193,6.24197734,4.97415615,5.00318934,10.14178441,10.03927274,5.10931749,52.99453094,53.19649189,53.7121699,51.04547966,0.40340756,0.71112847,3.24445101,4.58126962,52.10360079,52.96585221,50.98041402,51.55353004,53.49491623,53.11248481,2.37997552,50.70934511,3.92044639,51.82399239,3.01649218,42.87943476,53.53212266,59.43854507,41.02588069,6.35512375,54.67097556,4.28826211,49.78498616,50.17724486,53.72751351,8.058435,4.36254824,49.50341877,3.50549319,3.48755662,56.28861344,2.20159141,2.0398726,0.42957563,1.37167942,0.8782914,0.46779544,2.17140387,1.94355888,0.863528,0.77677556,0.91090235,0.90968762,,,,,,,,,,,,,,,,,,,
Sequence_19,31.8281106,8.50231319,2.31295476,5.68309751,7.59255667,18.74051741,48.31557284,47.49477006,50.46544031,9.22179597,52.80022601,52.0060025,5.97026968,6.09839136,6.09388691,6.45461693,4.51493933,7.3970954,7.30310628,4.4484052,52.83189344,53.22522508,53.66252512,49.99023697,0.07585444,0.20550039,10.93877206,9.111248,52.06400653,53.00057192,53.16043442,50.4366546,53.58891052,52.34985693,7.88334464,47.70948981,3.42751866,51.40400968,2.07058787,45.60776157,54.36505823,58.96201252,43.61438202,6.35512375,3.01078549,3.97940061,48.41614993,50.66175867,53.38907663,3.34841227,48.2183779,51.26789622,3.90418927,3.63873266,54.26737557,1.24200565,1.31436495,0.07393079,1.0474119,0.30399583,0.1139077,1.17990972,1.33285417,0.61487048,0.20556607,0.61404062,0.60896962,0.33620774,,,,,,,,,,,,,,,,,,
Sequence_18,47.60669059,8.30229593,4.22048112,47.27261741,6.46145709,51.71032632,49.90724684,48.81149252,52.15688787,50.42145322,3.16891424,20.89697387,4.66932397,4.8486961,4.79882681,5.81957962,4.80516206,5.77875316,5.69061159,3.48054481,48.12375387,48.42356865,17.30569834,12.73223036,1.51363776,1.61552889,48.19540179,8.68843457,51.23522225,43.91720285,46.12646136,47.95795129,20.47998689,46.29834591,51.02427613,51.66671559,4.18628855,55.79770525,4.06616374,51.26649309,48.90859261,52.18421784,48.03331418,5.81478669,5.99639175,6.53189819,6.56260306,17.94330206,46.90393499,4.09798116,50.95416312,50.3248109,5.33612625,5.39466871,19.60398948,0.86688346,0.76077924,1.54034522,1.14847273,1.45362635,1.60295698,0.8159138,1.9443203,1.54069475,1.53270502,2.7253184,2.82599926,2.6802166,1.63069422,,,,,,,,,,,,,,,,,
Sequence_17,39.08897694,8.71556329,2.40605397,44.05214041,6.91440067,52.95979556,47.95122715,51.75990819,53.38817258,53.32905963,10.6929656,20.53547276,5.22819985,5.36938975,5.34878665,6.31484077,4.05015675,6.80466518,6.72730452,4.56744596,51.6200519,52.00923879,17.20012165,11.97506039,1.6889212,1.74390416,51.18676238,7.46267788,52.44998327,22.8366809,8.76917752,51.99205818,24.45720716,35.55438802,49.78951948,50.64861176,4.06515436,56.12608163,4.5291537,54.38754209,53.9532629,60.84055843,49.93403941,7.27348509,6.05992716,5.5070214,7.47935264,17.10681389,48.77044025,3.70175265,53.60378463,48.63539138,4.33774019,5.01726305,18.99811283,0.20325168,0.85094664,1.69207274,1.4377339,1.38488474,1.65995399,0.250141,1.76159104,1.77641215,1.2912738,2.01407539,2.04843555,2.57055999,1.64142563,0.85250691,,,,,,,,,,,,,,,,
Sequence_16,47.50548585,7.08667205,4.09577608,10.71548111,8.16534502,52.09932448,49.74172963,48.1885522,52.57547416,42.38412288,14.5315283,18.58332999,5.11007841,5.16744398,4.71809202,4.85352756,4.90406173,6.93776683,6.87022343,4.70390529,48.68351191,49.2851178,20.33306397,10.13655704,2.01414853,1.97296872,4.24391632,11.23687988,50.47383483,45.49142503,46.03880951,46.38749831,20.4058286,46.44936219,51.10162809,51.64122405,5.28435713,56.1641032,4.7308259,51.38202664,48.47903059,52.19203473,49.29490028,5.09781504,8.25911944,6.42723466,6.28383411,18.6214366,48.0241567,6.13450701,52.0385668,50.25654828,5.89205784,5.97097655,15.63406811,1.4078481,0.89949136,1.87856614,1.81144285,1.70385427,1.81003841,1.28670916,2.55711663,1.65988531,1.77179753,2.53934544,2.49618173,2.80782718,2.13256647,0.81978482,1.32729954,,,,,,,,,,,,,,,
Sequence_15,32.76930596,10.15740867,2.84404482,3.88156366,6.08656485,8.41067566,48.19511274,45.76920366,50.51094405,46.90566268,50.89449876,51.17582296,6.25440699,6.38480054,6.36751675,5.07719345,4.77479239,7.39116753,7.31073065,5.46641934,48.37213319,48.70548673,51.27370655,41.76136781,0.45464062,0.4308374,3.50188625,8.42421886,49.8116369,47.24673163,53.15042437,7.96900096,51.63711765,47.96122917,3.62180427,45.12754071,2.84187678,51.49520244,2.4006479,45.40323932,53.01363905,59.24858573,44.88051488,8.15169594,3.34168867,3.54577189,48.58202144,50.80878431,48.88547648,3.39625664,48.48221631,51.2505252,3.36669759,3.44441878,52.90019789,1.06955649,1.62338041,0.34148439,0.98668422,0.39210002,0.38071677,1.00364845,2.01536532,0.5601666,0.26237941,0.72528636,0.69038008,0.63401082,0.34388537,2.25975914,1.39770309,2.0308612,,,,,,,,,,,,,,
Sequence_14,35.24775183,8.87777322,3.01421756,7.1104717,7.14707444,19.50777515,48.34633841,44.10007269,50.29820108,8.65451137,53.04707641,51.97844245,7.22348263,7.34658231,7.29264476,6.72651374,4.97296321,8.38741299,8.3111451,5.03171272,52.92659071,53.20450556,53.46612956,50.00851783,0.40545305,0.45635151,6.05922114,9.44395535,50.86652566,53.04617961,52.87195753,50.53318014,53.46416426,52.35788973,3.2176372,10.40846836,3.62506088,52.95961983,2.61740572,47.06141243,53.66538704,59.47472791,45.58407753,6.16382072,3.69151161,4.51978067,49.76370396,50.5151903,53.7768565,2.83287305,48.37258635,50.61406782,3.98496843,3.53343561,55.4942031,1.58738896,1.60109925,0.44413688,1.3832873,0.46234942,0.50992814,1.51752112,1.84966163,0.94931833,0.47115549,0.55928489,0.6406012,0.86002471,0.41565388,2.49372314,1.89278954,2.04155729,0.48140928,,,,,,,,,,,,,
Sequence_13,47.61072776,6.87490429,4.02833231,12.81070559,8.4111922,52.69324804,49.80915429,52.39700141,53.79217254,37.68611879,18.1403361,20.89200644,5.94705847,6.02934905,5.58563245,6.40064884,4.20566921,7.2241164,7.14858325,4.51045716,52.4538171,52.70527296,25.43694364,13.68398659,1.70990927,1.70474488,49.64839512,10.84863694,52.46624517,45.54512081,46.17552366,52.07297858,27.08571686,33.15153114,51.06040788,51.60668378,5.06335364,54.47879019,4.64659565,54.51523497,54.52657744,48.99824258,51.09590221,4.67138384,8.28158325,6.80706163,13.93421813,20.41901034,50.09440412,4.72053133,54.24206545,50.29141066,4.94001479,5.68878886,14.37419609,1.63332205,0.95660166,1.54205833,1.72237273,1.51386286,1.46002355,1.51005902,2.28271169,1.27333627,1.44172695,1.90563681,1.85020386,2.50177544,1.55757768,0.89982154,1.43498015,0.27239983,1.73586159,1.73037112,,,,,,,,,,,,
Sequence_12,19.19319472,47.01485918,0.06085905,16.13815441,10.50140168,52.64779313,47.7494934,51.43703683,54.24320121,59.46136431,53.17526183,52.86732137,4.78604202,4.78604202,4.78604202,8.06896829,7.05931706,11.17224303,11.09313736,5.65306088,44.44530466,5.70750016,48.54898872,44.77557731,2.60016719,2.96981092,53.10903614,8.44993096,50.87558817,46.76447203,52.8240462,48.16631628,46.70763009,42.94314077,51.33448127,49.8452338,3.92677191,9.3120473,3.87222665,51.3553866,47.78078609,38.11714051,49.33476417,45.09211575,6.85449749,8.33007,3.92329017,46.11993267,47.45082415,6.79259711,53.63958462,50.76629813,4.9675629,5.78988935,51.79334429,2.13399544,3.06901551,2.16174127,3.8857116,2.67570455,2.16174127,2.13891091,3.29493379,4.70407698,2.55531253,3.96423541,4.01279842,5.84360366,2.31295476,4.22048112,2.40605397,4.09577608,2.84404482,3.01421756,4.02833231,,,,,,,,,,,
Sequence_11,13.42436076,46.43588561,0.12231282,16.493226,10.55140993,52.81289529,47.6179417,51.42696219,54.40622595,59.46136431,53.19022036,52.840093,4.75010175,4.75010175,4.75010175,7.95186887,7.16161876,11.25657604,11.17833682,5.71805622,44.52558776,5.62062352,48.41333823,44.87506478,2.62933855,3.00235132,52.91317407,8.52582237,50.71119083,45.9680127,52.00025588,48.2373261,46.83588235,42.85985907,51.26440775,49.7549146,3.98431979,9.07057572,3.91146772,51.1223306,47.80891706,31.50261311,48.92608197,45.09211575,6.94286325,8.43205833,4.1168568,46.23016371,47.64399226,6.76611686,53.61729091,50.69028146,5.02609339,5.85517072,51.79334429,2.15573033,3.11203493,2.18501271,3.93834934,2.70227039,2.18501271,2.16102861,3.33342171,4.76581137,2.58095398,4.00271738,4.05254896,6.01398801,2.33794947,4.27550521,2.43405893,4.14548335,2.87482824,3.05094439,4.07635808,0.06085905,,,,,,,,,,
Sequence_10,45.80417035,8.42233274,4.24544273,48.84324349,4.35887539,21.03561079,49.73953847,49.78166052,49.72086737,56.14797452,50.74302737,51.18292344,5.71899594,5.6755259,5.93529882,6.79817039,2.53083449,2.37837472,2.74544504,2.08234265,46.92046382,46.82336272,50.2873716,45.27011512,3.6203673,3.48620809,38.78932556,5.86626257,49.04135199,47.44784362,42.38087237,49.20903265,51.52996252,50.49807784,49.33419625,50.1822978,0.59539191,57.1247081,4.04259616,2.35736826,48.78384946,61.59110612,12.06945726,7.52691115,6.16237758,4.86741144,5.53948155,48.54599512,48.22357283,4.80242194,41.01047315,47.91384642,0.8253093,0.40550126,40.45725466,2.68956862,3.41195239,3.25560761,3.47132666,3.17537053,3.31278936,2.68710255,3.11539159,3.43536267,2.95903293,2.84354956,3.13105785,3.83230148,3.27265211,3.48196251,3.24737745,4.67256803,2.81468414,3.13510573,4.35264865,4.24544273,4.30750655,,,,,,,,,
Sequence_9,46.43410788,8.58542078,4.64583722,49.14290452,4.45453347,22.13724068,49.93016321,50.01228714,50.02313972,56.26267118,50.94487999,51.31361795,4.41371064,4.3599165,4.69471774,6.69402328,1.76562339,2.46112144,2.84220692,2.16719978,47.37857842,47.28783155,50.38278078,45.96714214,3.87748968,3.54331825,40.00172789,6.07921172,49.1602884,47.84408111,43.75939398,54.33244313,51.66205922,50.44146588,49.64462325,50.46309513,0.81013927,57.1247081,4.15310002,1.8218998,48.98777185,60.33490611,10.40396031,7.52691115,4.85559469,5.2670132,4.17706844,48.83273932,48.503159,4.84866575,42.54082969,48.54807723,1.12969827,0.62935343,41.50557269,2.74778929,3.38166987,3.49531171,3.43486261,3.22736711,3.57063625,2.7499421,3.38158276,3.55329072,3.04693936,2.93991307,3.2325262,4.0932421,3.52353455,3.45148756,3.3011524,4.62844229,3.41204865,3.36225602,4.308579,4.64583722,4.70841695,0.10334783,,,,,,,,
Sequence_8,47.54907536,43.39995295,42.92460046,3.17744715,2.03197104,27.45857694,5.28908005,6.22089982,35.47993671,59.13791408,43.03250043,3.61901321,48.33000404,48.33000404,48.33000404,8.58622617,46.92249667,46.74023519,46.61136311,50.47830811,4.35013082,4.96482654,3.37353962,4.79621004,5.77496468,6.64285582,4.94680276,47.68814457,2.87782505,4.18416037,52.64603887,2.94851044,4.68856829,5.62891271,4.09098725,4.52684491,3.07353107,8.99102683,48.48262466,3.94917839,3.59160862,58.47752995,41.8481086,?,45.96546472,46.34584939,5.2697442,8.6040853,5.92403243,7.61138826,4.85143146,5.18891289,3.04884417,4.47436735,7.96565686,52.11930059,50.77562281,5.46075167,5.76995524,4.7653904,5.46075167,52.13574432,47.42680113,7.59870064,5.60825235,6.14196824,4.90881229,39.21214524,5.69366429,50.61993104,52.11930059,11.66855032,4.99519593,6.56145836,9.89841536,42.52521061,42.35126368,3.77497414,6.53685966,,,,,,,
Sequence_7,3.94157679,4.17653092,49.73177564,2.49844541,1.45834561,5.71020394,1.69264872,5.11892079,4.20551915,55.85558159,4.61262527,2.54584574,13.35502973,13.35502973,13.35502973,5.15649268,50.74045964,6.61412818,6.72455966,9.32279086,5.22414996,4.82584361,6.01194841,3.52187647,5.00962966,4.36618615,3.66577186,44.51468537,2.81808056,3.32967538,42.05012053,2.97592769,2.66369529,3.47715281,1.76763264,1.3958475,50.36085432,6.85801789,45.61705784,3.74993741,2.65991291,54.64057483,8.13748245,?,5.68405127,15.44796579,5.85177934,3.30838479,4.96270664,4.3947159,2.07251349,3.77693591,50.70555045,49.32865819,4.82735125,49.94321267,48.32489071,6.24131583,11.07474657,4.64985641,6.24131583,49.95380638,7.38019667,7.68208238,6.83600997,5.67238828,4.09992281,5.9242407,6.22149686,48.42776276,49.29397247,48.06978234,7.10834788,6.31664599,50.86594136,49.83210881,49.81462458,49.36336135,6.96239748,2.22079926,,,,,,
Sequence_6,2.84680497,8.50592568,50.63768763,3.67627789,33.22979968,6.25601699,2.47961871,2.30729546,6.33224394,50.92979744,4.41434024,3.52563023,7.96749133,7.96749133,7.96749133,47.36390593,12.27398133,8.69609041,8.57752872,7.70642171,4.37806507,3.49079476,7.34387376,3.49422946,51.94965757,47.40468442,48.08935764,47.79882877,4.64858221,2.96311331,2.73974716,3.63929063,8.26386415,40.27527857,2.40306511,4.66775575,46.38107003,52.93155914,7.3267779,9.06235961,5.03687548,56.01432597,5.61016318,11.04333227,46.8785091,7.08016498,3.44026081,1.31024785,3.88133778,45.35588118,4.8802715,3.38969747,46.3107198,50.52988613,13.87669211,9.87568753,5.66551512,46.68068968,3.39649622,46.85901933,46.68068968,9.8455837,45.49559665,44.11069734,46.84702933,51.76898358,51.96495918,4.71350953,51.91544094,5.90482826,5.12853357,6.77937096,46.81478019,52.2694522,7.21805989,50.6094071,50.47673199,48.66510833,48.92442304,9.32457783,2.83874257,,,,,
Sequence_5,3.7170989,52.31831919,3.5579243,4.679593,3.54731041,6.53393937,5.38932091,45.77993389,2.64381438,57.84091904,5.10368401,5.62687769,50.10004727,49.66791991,50.17363373,47.69491917,9.28826521,10.27733447,10.18598036,8.73497199,4.11858877,4.07051372,49.28482283,4.64791033,4.63082502,4.41697472,3.03839778,48.62369281,3.72188713,2.8008633,4.00698811,43.60289935,48.38541016,45.29021517,4.08839122,4.49096731,5.12985214,48.84133947,9.21509771,46.18453527,3.80665821,57.68217651,8.67504647,55.58275704,6.28325868,5.7549259,48.92385606,2.74813738,3.05346393,2.47544175,4.56914623,4.99826314,4.91846447,6.04725181,54.06566851,3.64228805,5.40644143,4.23114781,5.16218505,4.1379006,4.64361241,3.46297965,5.07505938,3.41997436,4.04649339,3.89243861,4.15091083,4.1292061,4.45834169,6.58003848,4.43868349,6.35315345,3.2343537,3.34262611,6.60278804,3.5466843,3.41802653,5.02632743,5.36077978,39.75959695,4.45915842,3.03963086,,,,
Sequence_4,4.97166979,4.47995363,46.26487329,2.59899319,4.49286196,5.22732414,4.91318703,8.5872763,6.99532024,56.04549141,27.03934623,7.16554439,9.18202199,9.18202199,9.18202199,7.72851408,45.55909229,3.89101947,4.07689584,3.40321908,4.60393898,4.2004892,36.32597173,4.92292491,6.97552672,6.06481304,4.79067326,48.94371816,4.43347638,5.08754932,46.7425091,3.34535462,17.7775847,5.23961853,3.90016127,3.51959985,4.0067165,7.70234327,46.74787514,4.53657697,3.42855064,13.51499103,5.28821121,26.95493165,44.6266898,5.21340178,11.75700414,4.48816917,2.92126519,7.5731017,3.18565271,7.58567931,4.39055232,6.83666415,6.25355676,43.35688486,18.29712003,7.75309682,6.09183622,4.969396,7.75309682,43.48061822,14.6699511,12.92350231,89.87183215,4.5882653,3.83449936,6.30916903,7.24764922,11.76221293,20.80737821,17.32708454,6.52870308,8.91969533,18.37505833,46.20679322,45.12058999,5.71090153,5.56277616,3.70206793,1.20511672,6.6158753,5.23448523,,,
Sequence_3,2.73765778,4.05158201,49.3628819,4.79976376,2.98389709,4.8293397,1.56311045,4.82807273,4.46881401,27.31353423,8.50035525,1.56908919,26.38437418,26.38437418,26.38437418,4.59356495,51.80998414,46.74328175,45.93133271,48.06818205,3.05651848,2.77648487,3.07882303,3.58989709,49.97236233,49.95682306,1.95191525,39.88722952,3.39945753,3.34252714,2.35800857,2.7675858,2.8441565,2.77735564,1.57313128,1.71793923,49.75912552,5.75751379,47.08271989,3.09798916,2.639633,55.87948337,9.24938067,?,4.69860838,29.88802868,3.43403069,3.757349,1.97978408,4.30179207,2.76728402,2.02283177,49.31089357,47.47821433,5.59878983,48.6323206,50.76032927,50.31837213,50.23172336,49.94203974,50.31837213,48.66739855,50.16034227,50.18213138,49.96511549,49.9921531,49.83811542,46.5976223,50.31837213,50.76469961,48.6323206,50.72852405,49.93711442,49.64346483,50.80348434,49.3628819,49.2412171,49.29193073,49.80020854,4.96610756,1.44205474,3.84183877,4.31432345,3.05500237,,
Sequence_2,42.90692057,49.44126204,5.31823807,7.54574272,22.46487764,2.7181532,42.85017755,39.85183486,55.48780497,6.18430018,10.53563561,9.40581812,27.55783285,27.55783285,27.55783285,47.24188695,50.08643367,49.53192865,49.14651973,46.84883847,9.79363254,9.79363254,11.43712245,6.6754816,47.69134311,48.44448578,42.86328599,2.33948868,44.40877548,48.76463366,6.20159529,12.60686728,32.07174794,46.55668816,49.11948625,48.58626127,3.15627525,58.07176131,8.9953316,4.40408648,31.86692764,61.5994259,5.29810306,?,9.82510941,4.44486748,4.77531619,10.65072245,22.96932873,44.49222268,33.74944567,2.14058843,3.68854008,3.53271128,4.67158821,55.09142461,51.77745242,46.15451233,49.35877427,47.20568696,46.15451233,55.1296734,48.02985141,46.62102269,47.51103076,43.30561544,42.79179709,47.48027921,46.41249338,51.78860705,55.01846447,51.76584627,46.98583794,47.30014802,55.64437223,5.31823807,5.38880437,3.06260298,3.3270478,6.57212705,33.46792036,40.04184085,41.69331018,12.43754329,36.64238402,
