,Sequence_125,Sequence_124,Sequence_123,Sequence_122,Sequence_121,Sequence_120,Sequence_119,Sequence_118,Sequence_117,Sequence_116,Sequence_115,Sequence_114,Sequence_113,Sequence_112,Sequence_111,Sequence_110,Sequence_109,Sequence_108,Sequence_107,Sequence_106,Sequence_105,Sequence_104,Sequence_103,Sequence_102,Sequence_101,Sequence_100,Sequence_99,Sequence_98,Sequence_97,Sequence_96,Sequence_95,Sequence_94,Sequence_93,Sequence_92,Sequence_91,Sequence_90,Sequence_89,Sequence_88,Sequence_87,Sequence_86,Sequence_85,Sequence_84,Sequence_83,Sequence_82,Sequence_81,Sequence_80,Sequence_79,Sequence_78,Sequence_77,Sequence_76,Sequence_75,Sequence_74,Sequence_73,Sequence_72,Sequence_71,Sequence_70,Sequence_69,Sequence_68,Sequence_67,Sequence_66,Sequence_65,Sequence_64,Sequence_63,Sequence_62,Sequence_61,Sequence_60,Sequence_59,Sequence_58,Sequence_57,Sequence_56,Sequence_55,Sequence_54,Sequence_53,Sequence_52,Sequence_51,Sequence_50,Sequence_49,Sequence_48,Sequence_47,Sequence_46,Sequence_45,Sequence_44,Sequence_43,Sequence_42,Sequence_41,Sequence_40,Sequence_39,Sequence_38,Sequence_37,Sequence_36,Sequence_35,Sequence_34,Sequence_33,Sequence_32,Sequence_31,Sequence_30,Sequence_29,Sequence_28,Sequence_27,Sequence_26,Sequence_25,Sequence_24,Sequence_23,Sequence_22,Sequence_21,Sequence_20,Sequence_19,Sequence_18,Sequence_17,Sequence_16,Sequence_15,Sequence_14,Sequence_13,Sequence_12,Sequence_11,Sequence_10,Sequence_9,Sequence_8,Sequence_7,Sequence_6,Sequence_5,Sequence_4,Sequence_3,Sequence_2
Sequence_125,,,,,,,,,,,,,,,,,,,,,,,,,,,,,,,,,,,,,,,,,,,,,,,,,,,,,,,,,,,,,,,,,,,,,,,,,,,,,,,,,,,,,,,,,,,,,,,,,,,,,,,,,,,,,,,,,,,,,,,,,,,,
Sequence_124,44.90470342,,,,,,,,,,,,,,,,,,,,,,,,,,,,,,,,,,,,,,,,,,,,,,,,,,,,,,,,,,,,,,,,,,,,,,,,,,,,,,,,,,,,,,,,,,,,,,,,,,,,,,,,,,,,,,,,,,,,,,,,,,,
Sequence_123,43.38599964,4.43298308,,,,,,,,,,,,,,,,,,,,,,,,,,,,,,,,,,,,,,,,,,,,,,,,,,,,,,,,,,,,,,,,,,,,,,,,,,,,,,,,,,,,,,,,,,,,,,,,,,,,,,,,,,,,,,,,,,,,,,,,,,
Sequence_122,52.87718287,18.40273798,57.63293378,,,,,,,,,,,,,,,,,,,,,,,,,,,,,,,,,,,,,,,,,,,,,,,,,,,,,,,,,,,,,,,,,,,,,,,,,,,,,,,,,,,,,,,,,,,,,,,,,,,,,,,,,,,,,,,,,,,,,,,,,
Sequence_121,38.42093843,7.11099544,47.05861664,9.30295962,,,,,,,,,,,,,,,,,,,,,,,,,,,,,,,,,,,,,,,,,,,,,,,,,,,,,,,,,,,,,,,,,,,,,,,,,,,,,,,,,,,,,,,,,,,,,,,,,,,,,,,,,,,,,,,,,,,,,,,,
Sequence_120,1.34158862,52.54601043,56.28562038,54.63153963,8.971731,,,,,,,,,,,,,,,,,,,,,,,,,,,,,,,,,,,,,,,,,,,,,,,,,,,,,,,,,,,,,,,,,,,,,,,,,,,,,,,,,,,,,,,,,,,,,,,,,,,,,,,,,,,,,,,,,,,,,,,
Sequence_119,46.7235204,5.66606993,2.77678717,5.70035106,48.85486485,54.3971985,,,,,,,,,,,,,,,,,,,,,,,,,,,,,,,,,,,,,,,,,,,,,,,,,,,,,,,,,,,,,,,,,,,,,,,,,,,,,,,,,,,,,,,,,,,,,,,,,,,,,,,,,,,,,,,,,,,,,,
Sequence_118,5.44023596,9.40084148,2.62385136,6.20578431,48.6744103,54.3961231,0.28916923,,,,,,,,,,,,,,,,,,,,,,,,,,,,,,,,,,,,,,,,,,,,,,,,,,,,,,,,,,,,,,,,,,,,,,,,,,,,,,,,,,,,,,,,,,,,,,,,,,,,,,,,,,,,,,,,,,,,,
Sequence_117,3.50397644,35.07055811,3.73144773,9.30309616,45.04879899,8.94176656,0.79461662,0.69910121,,,,,,,,,,,,,,,,,,,,,,,,,,,,,,,,,,,,,,,,,,,,,,,,,,,,,,,,,,,,,,,,,,,,,,,,,,,,,,,,,,,,,,,,,,,,,,,,,,,,,,,,,,,,,,,,,,,,
Sequence_116,46.90830096,44.62933712,3.26987968,5.28886236,48.70073671,54.28863098,0.28580961,0.38637766,1.4880908,,,,,,,,,,,,,,,,,,,,,,,,,,,,,,,,,,,,,,,,,,,,,,,,,,,,,,,,,,,,,,,,,,,,,,,,,,,,,,,,,,,,,,,,,,,,,,,,,,,,,,,,,,,,,,,,,,,
Sequence_115,4.08805776,48.89391913,43.50094691,51.75226719,10.01426307,5.27462939,42.36338966,40.32863472,3.57084013,45.36334105,,,,,,,,,,,,,,,,,,,,,,,,,,,,,,,,,,,,,,,,,,,,,,,,,,,,,,,,,,,,,,,,,,,,,,,,,,,,,,,,,,,,,,,,,,,,,,,,,,,,,,,,,,,,,,,,,,
Sequence_114,6.48001182,41.78910555,?,7.59896944,47.36617052,3.04446568,4.00428691,3.15888679,2.53196097,3.3742289,3.84237336,,,,,,,,,,,,,,,,,,,,,,,,,,,,,,,,,,,,,,,,,,,,,,,,,,,,,,,,,,,,,,,,,,,,,,,,,,,,,,,,,,,,,,,,,,,,,,,,,,,,,,,,,,,,,,,,,
Sequence_113,1.11765958,5.07020599,10.49417878,52.40961275,16.01429227,9.85774684,41.05072376,41.89910446,4.53232267,47.51766316,2.97391149,3.71882844,,,,,,,,,,,,,,,,,,,,,,,,,,,,,,,,,,,,,,,,,,,,,,,,,,,,,,,,,,,,,,,,,,,,,,,,,,,,,,,,,,,,,,,,,,,,,,,,,,,,,,,,,,,,,,,,
Sequence_112,1.37970601,4.35511375,52.67091273,53.24735508,52.35809631,4.3573439,4.05708593,4.04675022,6.79192155,6.72422974,7.25518573,4.25546631,5.12836096,,,,,,,,,,,,,,,,,,,,,,,,,,,,,,,,,,,,,,,,,,,,,,,,,,,,,,,,,,,,,,,,,,,,,,,,,,,,,,,,,,,,,,,,,,,,,,,,,,,,,,,,,,,,,,,
Sequence_111,2.60088534,41.99119826,19.18685813,52.49242166,16.70172513,1.99284384,3.83256382,3.30016068,2.03542632,5.34109207,3.75214199,2.35518488,2.25100672,2.92324238,,,,,,,,,,,,,,,,,,,,,,,,,,,,,,,,,,,,,,,,,,,,,,,,,,,,,,,,,,,,,,,,,,,,,,,,,,,,,,,,,,,,,,,,,,,,,,,,,,,,,,,,,,,,,,
Sequence_110,4.49971691,44.6038341,3.88946651,53.38107286,12.89095013,5.49043234,2.26592513,1.92681519,1.31377993,2.77412222,5.96070648,2.49691881,5.8528933,4.51977472,1.78483984,,,,,,,,,,,,,,,,,,,,,,,,,,,,,,,,,,,,,,,,,,,,,,,,,,,,,,,,,,,,,,,,,,,,,,,,,,,,,,,,,,,,,,,,,,,,,,,,,,,,,,,,,,,,,
Sequence_109,2.27709813,47.95666959,20.30102706,54.19816519,53.59240838,4.46518013,3.26762757,3.22772541,2.17963168,5.33348587,4.00773227,7.33622014,5.07181899,6.30624626,2.87878379,4.43556043,,,,,,,,,,,,,,,,,,,,,,,,,,,,,,,,,,,,,,,,,,,,,,,,,,,,,,,,,,,,,,,,,,,,,,,,,,,,,,,,,,,,,,,,,,,,,,,,,,,,,,,,,,,,
Sequence_108,57.29712663,7.61441666,57.52657758,4.06654366,39.62757,58.94098969,55.95845929,57.09604679,57.18656938,56.37247688,31.37820387,?,57.99894639,7.18463231,56.40696882,13.7045877,57.90971044,,,,,,,,,,,,,,,,,,,,,,,,,,,,,,,,,,,,,,,,,,,,,,,,,,,,,,,,,,,,,,,,,,,,,,,,,,,,,,,,,,,,,,,,,,,,,,,,,,,,,,,,,,,
Sequence_107,2.37896671,49.24507038,55.55632323,50.96685502,47.53580873,3.3981552,3.01418465,2.83900275,2.05644364,4.31706434,7.69177432,4.74281691,7.33365015,2.57688998,3.27302034,5.90196832,3.68966763,57.49792008,,,,,,,,,,,,,,,,,,,,,,,,,,,,,,,,,,,,,,,,,,,,,,,,,,,,,,,,,,,,,,,,,,,,,,,,,,,,,,,,,,,,,,,,,,,,,,,,,,,,,,,,,,
Sequence_106,3.1781207,50.37340531,55.72685665,51.02290466,7.76562514,3.32498987,2.49332796,2.49535226,1.77773409,3.5854659,6.5560088,3.42080951,4.09390631,3.40485062,2.50286591,3.01399166,6.08993319,56.75263723,1.23722209,,,,,,,,,,,,,,,,,,,,,,,,,,,,,,,,,,,,,,,,,,,,,,,,,,,,,,,,,,,,,,,,,,,,,,,,,,,,,,,,,,,,,,,,,,,,,,,,,,,,,,,,,
Sequence_105,44.54709906,10.66314247,48.98986193,6.24869925,4.39504966,4.62060439,46.81626527,47.10715682,6.15959449,10.44717958,48.401272,6.74216351,34.09627254,48.42634996,3.21840606,5.06510316,53.14089085,59.88493744,10.94078816,4.58536743,,,,,,,,,,,,,,,,,,,,,,,,,,,,,,,,,,,,,,,,,,,,,,,,,,,,,,,,,,,,,,,,,,,,,,,,,,,,,,,,,,,,,,,,,,,,,,,,,,,,,,,,
Sequence_104,44.84771497,10.45036631,48.488417,6.67589955,4.29590869,4.54927391,46.95416654,47.19630033,46.82600532,14.30618068,48.46483986,9.89619486,35.06736611,48.40030312,3.78930168,5.81058262,53.13856414,58.44552983,18.15532301,5.81081299,0.04205732,,,,,,,,,,,,,,,,,,,,,,,,,,,,,,,,,,,,,,,,,,,,,,,,,,,,,,,,,,,,,,,,,,,,,,,,,,,,,,,,,,,,,,,,,,,,,,,,,,,,,,,
Sequence_103,48.37319932,11.18502505,49.73888651,6.94919045,4.72317446,11.61608346,51.77156777,50.55670123,50.70655304,52.57411249,18.10810158,47.1033325,52.07030296,52.45740542,10.03551778,3.63144566,55.17171206,9.58305255,53.09640391,50.88224135,1.43798813,1.28272874,,,,,,,,,,,,,,,,,,,,,,,,,,,,,,,,,,,,,,,,,,,,,,,,,,,,,,,,,,,,,,,,,,,,,,,,,,,,,,,,,,,,,,,,,,,,,,,,,,,,,,
Sequence_102,46.41436662,11.38321506,50.70648661,6.90827918,4.72317446,7.51140081,52.0378438,50.86223556,51.04235361,52.81150414,16.38369186,47.1033325,52.22511529,52.29952204,10.22142722,3.73653822,55.3639897,10.09339727,49.35980805,42.63822248,1.33987275,1.18815788,0.000001,,,,,,,,,,,,,,,,,,,,,,,,,,,,,,,,,,,,,,,,,,,,,,,,,,,,,,,,,,,,,,,,,,,,,,,,,,,,,,,,,,,,,,,,,,,,,,,,,,,,,
Sequence_101,48.74980849,11.12779621,49.49413915,6.82931859,4.72317446,12.17167715,51.71989483,50.48584092,50.63268973,52.53278661,20.72021605,47.1033325,51.92330587,52.43420287,9.40765368,3.71945679,55.06921132,9.56842022,53.58921746,51.56683905,1.47952212,1.32527285,0.04401884,0.000001,,,,,,,,,,,,,,,,,,,,,,,,,,,,,,,,,,,,,,,,,,,,,,,,,,,,,,,,,,,,,,,,,,,,,,,,,,,,,,,,,,,,,,,,,,,,,,,,,,,,
Sequence_100,42.76370384,9.9644743,49.81139906,5.41699922,4.34859623,5.73158446,45.56424126,46.31286939,45.64159247,48.40367963,48.71132554,3.2718922,46.07396807,8.37751164,10.6472049,4.30405821,52.81970333,58.39423919,50.5461959,49.48428797,2.19267326,2.32517321,2.10813845,2.10557797,2.23218318,,,,,,,,,,,,,,,,,,,,,,,,,,,,,,,,,,,,,,,,,,,,,,,,,,,,,,,,,,,,,,,,,,,,,,,,,,,,,,,,,,,,,,,,,,,,,,,,,,,
Sequence_99,43.81455314,7.59372559,49.56197042,6.28390006,5.39078087,8.76822443,47.99390294,47.82071578,47.16022186,48.81308438,48.39473684,40.63988523,43.15868456,47.79108558,46.3986906,6.0100659,53.15153587,13.47505609,51.21886899,50.82843829,3.2224183,3.28631955,1.91698195,1.95376161,2.01989413,2.81655247,,,,,,,,,,,,,,,,,,,,,,,,,,,,,,,,,,,,,,,,,,,,,,,,,,,,,,,,,,,,,,,,,,,,,,,,,,,,,,,,,,,,,,,,,,,,,,,,,,
Sequence_98,43.4556758,6.78324218,4.22541344,4.10875354,4.30178277,51.66610154,46.96165297,48.12744433,43.96600582,49.12216827,9.8672247,47.26028411,45.50246004,41.43826394,45.09251543,4.59850414,52.33177672,7.92560247,51.87738091,50.53562574,4.40404948,4.53553084,1.92299767,1.96855303,2.0494971,2.44594786,1.7632601,,,,,,,,,,,,,,,,,,,,,,,,,,,,,,,,,,,,,,,,,,,,,,,,,,,,,,,,,,,,,,,,,,,,,,,,,,,,,,,,,,,,,,,,,,,,,,,,,
Sequence_97,8.68282223,8.280672,48.57056859,6.40011998,6.54828654,50.69764591,46.2113072,46.97416978,46.96233957,47.549103,49.43110571,45.7548694,47.98535689,45.08592985,50.43808753,7.03165244,53.25376374,59.20734211,50.79811728,49.96433986,2.27388909,2.33804098,1.4769077,1.45903135,1.57798651,1.68129932,1.71186807,2.26559355,,,,,,,,,,,,,,,,,,,,,,,,,,,,,,,,,,,,,,,,,,,,,,,,,,,,,,,,,,,,,,,,,,,,,,,,,,,,,,,,,,,,,,,,,,,,,,,,
Sequence_96,8.68282223,8.42872533,48.57056859,5.39072233,6.76986831,50.69764591,46.421071,47.15186211,47.13114847,45.93894635,49.31684756,32.42901038,48.10135729,45.59837758,50.43808753,7.03165244,53.34198815,59.20734211,50.86909015,50.04796887,2.33628106,2.40243472,1.46240264,1.44372325,1.56499119,1.68578079,1.97883153,2.28045961,0.04068533,,,,,,,,,,,,,,,,,,,,,,,,,,,,,,,,,,,,,,,,,,,,,,,,,,,,,,,,,,,,,,,,,,,,,,,,,,,,,,,,,,,,,,,,,,,,,,,
Sequence_95,21.78888659,9.33165301,49.16752046,4.8820181,5.1649602,36.04100516,49.88234986,50.24191865,49.08024722,49.90849223,50.88904127,45.79196455,7.13349715,54.35251227,49.55099517,10.62064575,55.52989292,5.84966255,48.6974624,47.58499976,2.62683693,2.01519859,1.28502393,1.11533275,1.43396587,2.6172771,2.01707169,1.69740239,1.41235446,1.41235446,,,,,,,,,,,,,,,,,,,,,,,,,,,,,,,,,,,,,,,,,,,,,,,,,,,,,,,,,,,,,,,,,,,,,,,,,,,,,,,,,,,,,,,,,,,,,,
Sequence_94,53.57174453,6.46697476,56.59877828,8.65442457,6.23448792,11.51962341,54.01405219,54.03777534,54.05069119,52.19182435,6.28491122,26.58803344,54.97476806,8.37199742,54.78052288,53.1971704,57.83941831,12.44832693,16.33037994,15.09363144,4.5597399,5.07199551,5.63037135,5.17144639,5.88991688,6.46650199,4.79337081,6.94578933,2.51744712,2.51744712,3.95427143,,,,,,,,,,,,,,,,,,,,,,,,,,,,,,,,,,,,,,,,,,,,,,,,,,,,,,,,,,,,,,,,,,,,,,,,,,,,,,,,,,,,,,,,,,,,,
Sequence_93,53.80105795,6.39311884,56.50572434,8.6610845,6.12929052,11.54094292,53.94328168,53.97610673,53.99185872,52.0597821,6.05082599,26.58803344,54.97092876,8.42606771,54.94975407,53.12607347,57.80374636,12.67023124,16.23333053,15.03643767,4.419991,4.94397457,5.60012358,5.14202932,5.86002955,6.45113944,4.66373024,7.14845913,2.85204349,2.85204349,4.32546263,0.09224456,,,,,,,,,,,,,,,,,,,,,,,,,,,,,,,,,,,,,,,,,,,,,,,,,,,,,,,,,,,,,,,,,,,,,,,,,,,,,,,,,,,,,,,,,,,,
Sequence_92,53.31053515,6.34679032,56.92173365,7.90362644,5.98694168,8.82318195,53.97877518,54.00411578,53.83714016,51.97558244,5.59608705,16.22733673,54.78085406,55.3505536,54.57419135,53.1542135,57.98853885,27.5906336,14.11274726,14.02619568,3.94318702,4.41861045,5.13088177,4.64046358,5.41663434,6.39177107,3.84144402,6.58228552,2.53963494,2.53963494,5.65621119,0.30198345,0.41217316,,,,,,,,,,,,,,,,,,,,,,,,,,,,,,,,,,,,,,,,,,,,,,,,,,,,,,,,,,,,,,,,,,,,,,,,,,,,,,,,,,,,,,,,,,,
Sequence_91,45.54823401,4.79019054,48.55027957,6.65475382,6.04411365,9.57770327,49.09400497,49.21035012,49.43531738,50.1885172,49.80694405,40.63268434,44.74589166,47.81337693,50.13363749,50.56661966,53.0474132,60.74714381,50.20700099,49.09608822,2.80836213,2.94001534,2.41125394,2.35409986,2.50624457,1.62220162,1.61537746,2.0466437,1.26256366,1.3299116,1.67494263,4.55168287,4.87661689,5.48385775,,,,,,,,,,,,,,,,,,,,,,,,,,,,,,,,,,,,,,,,,,,,,,,,,,,,,,,,,,,,,,,,,,,,,,,,,,,,,,,,,,,,,,,,,,
Sequence_90,21.78888659,9.54098114,49.16752046,4.59820305,4.78912938,39.36636573,50.36962586,50.75797228,49.5559684,50.37424818,50.57515414,45.73971352,6.64155812,54.7006715,49.46996235,9.81683639,56.16053443,5.84966255,49.44106765,48.38714162,3.12060343,2.10506664,1.46624072,1.23074911,1.67680135,2.71832583,2.72082606,1.75821394,1.84476102,1.84476102,0.09752786,4.19903959,4.56025389,5.86007491,1.58718195,,,,,,,,,,,,,,,,,,,,,,,,,,,,,,,,,,,,,,,,,,,,,,,,,,,,,,,,,,,,,,,,,,,,,,,,,,,,,,,,,,,,,,,,,
Sequence_89,23.52760028,9.31145989,48.82936651,4.95674077,5.1649602,34.50160726,49.61774362,49.98128673,48.79375651,49.65524401,51.64087121,45.79196455,7.33937426,54.37578164,49.62804052,10.58442929,55.25492411,43.07617034,48.71044072,47.67895274,2.62683693,2.68858097,1.28502393,1.11533275,1.43396587,2.6172771,1.83088756,1.72038558,1.36926797,1.36926797,0.1171806,4.04176029,4.39797536,5.69533861,1.2538596,0.25897509,,,,,,,,,,,,,,,,,,,,,,,,,,,,,,,,,,,,,,,,,,,,,,,,,,,,,,,,,,,,,,,,,,,,,,,,,,,,,,,,,,,,,,,,
Sequence_88,46.82357689,9.86066205,55.88576401,4.95214277,4.59733811,29.5233563,54.41986743,54.35215422,52.98918036,54.27460486,52.4930066,13.3751148,8.29441496,54.95652376,44.57850066,6.63728541,54.70442965,9.20010354,51.38150517,50.38946083,2.8844979,2.38119427,1.63248194,1.45753916,1.7883839,3.02986266,1.8952041,2.41068073,2.50106066,2.50106066,0.53452653,5.38719593,5.27585393,5.7120207,3.04337648,0.53124104,0.77328377,,,,,,,,,,,,,,,,,,,,,,,,,,,,,,,,,,,,,,,,,,,,,,,,,,,,,,,,,,,,,,,,,,,,,,,,,,,,,,,,,,,,,,,
Sequence_87,21.9581584,9.15174105,48.98223503,5.05730373,4.79865925,35.19736906,49.63239709,50.1000271,48.8908008,49.67006335,50.66093847,45.79196455,7.21351783,54.2792538,49.41409685,10.38404832,55.49026532,9.2679469,48.35567157,47.34559751,2.52440739,1.94377071,1.40768115,1.24279411,1.55191854,2.5515515,1.94326401,2.13134473,1.78687585,1.78687585,0.08898283,4.82455379,4.91374297,6.47361145,2.05618345,0.20596141,0.23283539,0.4937484,,,,,,,,,,,,,,,,,,,,,,,,,,,,,,,,,,,,,,,,,,,,,,,,,,,,,,,,,,,,,,,,,,,,,,,,,,,,,,,,,,,,,,
Sequence_86,5.86052074,9.23247823,49.747221,5.79861828,4.2415258,6.78661031,49.22594356,49.14989278,48.86379925,49.83538426,48.95479952,46.00499161,7.21600111,49.44564243,42.01661376,7.55455079,53.48540815,11.87498824,51.82374125,51.50858367,2.45721232,2.55146282,1.82233955,1.85130583,1.91378085,3.41278823,0.65006178,1.82730726,1.2736842,1.47215646,1.42637139,4.43883007,4.91331388,3.54158788,1.62898267,2.09002883,1.38416201,2.12241959,1.79082067,,,,,,,,,,,,,,,,,,,,,,,,,,,,,,,,,,,,,,,,,,,,,,,,,,,,,,,,,,,,,,,,,,,,,,,,,,,,,,,,,,,,,
Sequence_85,41.2380625,9.07469059,49.63484816,6.01257676,3.85666546,8.00554549,49.12993436,49.20472471,48.91465102,49.75960342,48.82928287,46.00499161,7.26954364,49.4174111,42.0048181,7.13459678,53.44541846,13.33197815,51.8011218,51.48807082,2.30335312,2.40272663,1.84042283,1.86948638,1.93001116,3.41619626,0.60234199,2.04001388,1.3994816,1.62536069,1.75596445,5.67202015,5.62654358,4.73857957,1.81935015,2.63337373,1.70122636,1.81273106,1.70477993,0.04120768,,,,,,,,,,,,,,,,,,,,,,,,,,,,,,,,,,,,,,,,,,,,,,,,,,,,,,,,,,,,,,,,,,,,,,,,,,,,,,,,,,,,
Sequence_84,40.38501748,5.87702773,49.8318574,6.02120444,5.38157039,7.29332622,47.52109538,47.57128621,48.26489124,49.49059711,47.73027421,45.74759845,10.23081277,46.90737827,48.12046517,49.326123,53.69533686,58.95936964,46.69093068,45.71359101,1.62901858,1.57736171,1.61586691,1.61586691,1.61586691,2.50602107,0.88537185,1.96242055,1.67022295,1.65888098,2.13940862,4.72445172,4.58635655,4.41565216,1.06223042,3.18309738,2.13940862,1.97800335,2.03523168,0.74495657,0.68281485,,,,,,,,,,,,,,,,,,,,,,,,,,,,,,,,,,,,,,,,,,,,,,,,,,,,,,,,,,,,,,,,,,,,,,,,,,,,,,,,,,,
Sequence_83,44.49394544,6.95454002,50.07973198,7.24300554,4.43974514,9.24740425,47.76927351,47.78466177,47.06096058,49.56567184,47.74841365,45.90842347,43.47505312,47.8322178,45.89743472,5.49197013,53.15008664,10.10346715,51.65557557,51.37369334,2.68966803,2.6589442,1.06108833,1.15015055,1.19785623,2.65292689,0.76187531,1.81432984,1.7186931,1.70874552,2.04520704,5.22411706,5.18595344,4.84356868,1.48358191,3.10972958,2.04520704,2.25920756,2.16337879,0.69818886,0.72186948,0.46654969,,,,,,,,,,,,,,,,,,,,,,,,,,,,,,,,,,,,,,,,,,,,,,,,,,,,,,,,,,,,,,,,,,,,,,,,,,,,,,,,,,
Sequence_82,2.12597347,45.35419694,28.97904271,69.00506808,45.95402362,5.84370478,3.64726379,3.97326886,1.73113524,4.79087336,1.91438949,1.79915444,3.91194358,2.93183764,2.37650695,3.68534574,2.55973857,58.48569462,2.80096169,3.89933957,6.2939155,42.64546373,46.25385549,46.18381585,46.20484792,4.78005888,44.00300166,45.57061452,46.21184295,45.92707172,47.60243905,54.67499622,54.61988517,54.19116856,46.65477794,48.58963115,47.74625987,51.24318823,47.27665165,46.55331262,46.55001394,44.89779379,44.16454185,,,,,,,,,,,,,,,,,,,,,,,,,,,,,,,,,,,,,,,,,,,,,,,,,,,,,,,,,,,,,,,,,,,,,,,,,,,,,,,,,
Sequence_81,1.43596742,51.6222417,56.21586846,54.51345401,44.97735546,3.75472488,3.82514422,3.68742823,3.49699672,5.05269591,8.02226018,4.99438776,3.2914331,2.84867377,3.63396653,2.26118179,4.40627176,58.61051009,1.88160221,2.4449818,8.4291131,11.70413518,54.02657303,50.90312431,54.46285244,5.46231953,51.99325642,4.01544669,50.31948333,50.31948333,48.43605043,25.23110089,25.06091503,23.7329302,50.48582049,49.29012421,48.53831108,53.2882052,48.20965135,51.82153454,51.93592814,45.59565298,52.3416475,2.46614505,,,,,,,,,,,,,,,,,,,,,,,,,,,,,,,,,,,,,,,,,,,,,,,,,,,,,,,,,,,,,,,,,,,,,,,,,,,,,,,,
Sequence_80,52.74974607,3.76447754,51.60373428,8.61963002,4.20387219,54.29624432,52.58806949,50.21347565,7.03113782,52.87814469,54.08878817,1.6650482,6.63933538,51.59430147,51.43073275,51.02315777,55.30950579,58.94802005,55.09573189,54.94023595,5.10123386,5.28122229,5.90121881,6.0711343,5.95172347,3.35330358,4.17896649,3.96046317,5.19184313,5.19184313,6.01347864,5.62808879,6.07627138,5.22289382,4.48046956,5.87677884,6.03592191,7.48168304,7.04275179,3.58501306,3.7490215,3.99087941,3.90947055,4.11351052,55.02756239,,,,,,,,,,,,,,,,,,,,,,,,,,,,,,,,,,,,,,,,,,,,,,,,,,,,,,,,,,,,,,,,,,,,,,,,,,,,,,,
Sequence_79,48.43652472,4.26450471,2.29166011,8.74443115,3.81318704,52.6934516,43.19061005,42.18855521,36.38350202,46.10878417,47.8853643,1.83843065,5.12292309,49.62372431,47.67131183,46.80675611,54.17525334,59.3350573,53.8792663,53.47723,5.25275246,5.44260745,5.78867381,5.94916424,5.83924025,3.62124933,4.48023011,4.71884719,6.22041716,6.22041716,7.4346789,6.42207373,6.48164064,6.03301949,5.46319445,6.73670328,7.4227603,7.73519631,7.46783312,4.29461063,4.22480834,4.31755437,3.85931367,45.38802185,53.57208869,0.16394126,,,,,,,,,,,,,,,,,,,,,,,,,,,,,,,,,,,,,,,,,,,,,,,,,,,,,,,,,,,,,,,,,,,,,,,,,,,,,,
Sequence_78,1.51105763,48.27245057,49.23455223,53.8248958,12.02870539,2.4949407,47.98742666,47.57780707,5.66096666,48.000514,5.7053487,2.65040609,4.03736539,2.55223738,2.56492755,4.36959297,4.44336608,38.49181691,3.87706343,4.23293523,46.4720835,46.47132476,48.80374036,48.01451733,48.98819919,48.26751085,13.87267824,48.72138739,48.58147367,48.58147367,10.55598028,10.07144643,10.37470764,9.34585523,48.97788107,8.62664426,10.293349,13.22335567,11.63556991,10.61749339,11.91762748,47.78256918,13.55414414,2.34933663,5.89598008,39.26689062,46.77361452,,,,,,,,,,,,,,,,,,,,,,,,,,,,,,,,,,,,,,,,,,,,,,,,,,,,,,,,,,,,,,,,,,,,,,,,,,,,,
Sequence_77,46.98664615,6.90697143,47.75722641,6.00951218,4.83805058,48.84726287,46.9876305,47.74632136,45.53388153,48.93132304,48.44573689,43.87583427,47.57447998,50.40135557,44.44697895,7.08681907,53.07269188,5.42413956,49.6987455,48.91407221,2.53770214,2.454877,1.61833954,1.51741071,1.58038309,2.46861685,1.81296656,2.7766594,1.4358916,1.53414701,2.23247439,7.09194246,7.05454814,6.47815504,2.21397096,2.95862441,2.4176841,2.38633072,2.18920632,1.92257617,1.89216552,2.36341736,1.77047035,45.59907005,50.58807669,4.96172565,5.32969561,10.95128198,,,,,,,,,,,,,,,,,,,,,,,,,,,,,,,,,,,,,,,,,,,,,,,,,,,,,,,,,,,,,,,,,,,,,,,,,,,,
Sequence_76,2.71136441,25.590296,47.27618594,4.49011223,7.69617756,2.09287754,42.33765507,41.64488601,4.57420108,45.50538278,4.43567195,3.80674316,3.17867342,40.36903142,3.36598916,3.61669638,4.36672897,11.29306494,8.33951774,4.38744318,10.32791973,11.464579,6.03869069,6.24555748,6.09414921,11.19691266,8.42690958,41.95690132,48.01511412,47.90286309,9.91800196,46.11704155,45.99273526,45.60030803,38.68042141,10.89342333,10.38218873,12.96498672,11.24076461,6.25895846,6.96067793,40.7647189,7.49409651,5.6949693,6.18013054,50.25696632,47.60746945,3.71789025,5.38240443,,,,,,,,,,,,,,,,,,,,,,,,,,,,,,,,,,,,,,,,,,,,,,,,,,,,,,,,,,,,,,,,,,,,,,,,,,,
Sequence_75,1.36249849,44.78941271,4.9985585,5.65014106,46.56108087,4.00874868,3.45642403,3.23104576,2.37485289,3.86340664,3.94315791,2.05648368,1.89413903,3.84524534,2.80029226,4.81643971,2.80757399,59.13346008,5.42049499,5.22434845,47.83169203,47.86425817,49.80426009,50.04901213,49.81881114,3.61512443,48.54129244,43.5638214,49.35650338,49.35650338,50.66454544,54.13184476,54.30443009,53.85002647,49.79786534,53.82744048,50.53572298,52.29118664,50.47068114,50.07929252,50.00902501,47.15917911,49.25343627,2.09867615,3.40595192,5.38636252,3.86561984,3.11125621,49.03231871,3.80966011,,,,,,,,,,,,,,,,,,,,,,,,,,,,,,,,,,,,,,,,,,,,,,,,,,,,,,,,,,,,,,,,,,,,,,,,,,
Sequence_74,0.92710858,53.98283079,5.78867394,19.49008811,46.75769289,3.57285851,49.17745614,48.59958428,3.53671255,49.1571012,3.01917366,2.08105062,1.45973085,2.41101247,4.24995518,50.21501101,4.55577823,8.32957766,4.90924801,5.51032342,47.19903854,22.00257254,50.03902761,49.01524902,50.19137715,50.48130669,54.04176062,12.98303983,53.2251739,53.2251739,5.15271316,58.06409082,58.00014959,57.9027417,55.40469369,5.15271316,55.87145176,8.21560745,6.21864661,53.20448051,53.10118062,46.28454755,48.07214883,1.93563812,2.60316682,57.61904181,56.8156661,3.05383327,53.79329242,44.06994576,1.55343924,,,,,,,,,,,,,,,,,,,,,,,,,,,,,,,,,,,,,,,,,,,,,,,,,,,,,,,,,,,,,,,,,,,,,,,,,
Sequence_73,48.50545391,8.027038,44.53797285,52.83870531,3.66677429,5.97265706,48.33865248,48.24753317,46.81894301,47.9381545,9.65102484,15.31030061,10.09909631,49.29930636,16.15563351,9.78230214,50.9643703,58.262592,52.21774803,50.99617493,3.8737483,4.32881054,4.05210386,4.18099505,4.1630124,5.23075547,4.15683405,5.97611721,5.55203016,6.8339865,3.33254899,5.67368374,5.54367753,5.04510643,4.32082502,5.15116991,3.44715013,2.88023206,3.08085908,3.18899849,2.90459333,4.74403136,5.27782012,46.83750061,52.42822285,6.15932318,6.42273454,49.02531379,4.09089769,5.2283473,4.31492819,56.08143942,,,,,,,,,,,,,,,,,,,,,,,,,,,,,,,,,,,,,,,,,,,,,,,,,,,,,,,,,,,,,,,,,,,,,,,,
Sequence_72,5.29851739,44.76419775,4.64219457,52.88395838,52.60396603,4.89321747,8.07267396,35.70299451,2.62971479,4.54653225,8.9597403,3.44466533,5.20905672,10.59823268,3.38002253,3.31418659,3.95667506,19.63464211,10.70866853,4.50187867,50.43291875,49.98601627,8.17270119,8.625508,8.23923837,49.20623994,11.48114815,47.33183787,47.5978058,45.77642564,6.558984,53.77195396,53.70836498,53.31433164,49.65749963,7.09650578,6.5214881,6.89369915,6.22075131,17.71175802,17.48430878,49.7771801,10.57346119,3.85585598,4.69507803,50.68926007,47.15082198,3.92059026,8.45555985,4.00559766,3.24816975,6.0046302,47.43833324,,,,,,,,,,,,,,,,,,,,,,,,,,,,,,,,,,,,,,,,,,,,,,,,,,,,,,,,,,,,,,,,,,,,,,,
Sequence_71,2.52478712,45.23714125,9.45210872,48.63719723,41.43259336,3.49028515,5.56814286,3.9848915,4.31875788,4.21840372,10.06236129,3.49796323,7.81275891,2.39329161,2.69640476,3.38854498,7.42744886,4.70222857,4.21737848,2.6481319,5.56817994,4.33698178,52.40053232,52.22673607,52.37553765,46.70382936,47.20916251,46.27486371,45.61794684,44.89834355,2.99892879,52.66982804,52.82874398,52.54420319,48.09339693,2.53045554,4.28675415,5.71880291,3.48589823,48.91520466,48.88684538,47.93726932,47.90561673,3.28228448,3.97595254,52.29065819,48.88474388,4.42699827,44.98594263,3.48269856,2.95987818,1.99233626,47.4102094,4.24782264,,,,,,,,,,,,,,,,,,,,,,,,,,,,,,,,,,,,,,,,,,,,,,,,,,,,,,,,,,,,,,,,,,,,,,
Sequence_70,3.48184171,7.84811907,2.72418882,54.66691568,5.7406178,5.14254305,3.13907366,2.79897235,3.31629493,3.00327046,7.58312359,2.82667411,5.39446565,2.17634844,2.66095777,1.69810111,10.09173263,10.4556097,3.2121479,2.75558558,6.36726409,7.087156,8.63082214,10.45150239,8.5460118,53.09043222,53.0592756,3.64332877,53.48390734,53.48390734,49.9792116,52.74808076,52.51485415,52.30087511,53.54695276,50.77654181,50.04883838,53.27525771,49.92974908,53.15836583,53.00614196,53.07500533,53.04801765,3.63037387,2.27464499,3.93289326,3.13205542,4.50101717,51.35416411,3.24501387,3.92296329,45.05853248,10.90707769,4.85827661,2.73755732,,,,,,,,,,,,,,,,,,,,,,,,,,,,,,,,,,,,,,,,,,,,,,,,,,,,,,,,,,,,,,,,,,,,,
Sequence_69,4.26875012,11.56136337,52.96711839,6.80345557,43.17313469,50.34223412,3.26094326,3.16888612,2.68419785,3.91033812,53.56016023,2.7428747,7.35709053,3.04990426,2.37347202,2.02139744,6.38,6.82700164,2.4502321,2.51627024,51.48944131,51.36433198,51.58709217,51.70609274,51.44437016,6.49235626,42.81010916,11.55740768,9.29400172,9.29400172,46.14270911,15.24472425,15.14530969,14.01659116,43.95963319,46.78505469,46.28598998,50.58055216,45.76362229,37.24910184,36.61127534,26.53838555,40.87717232,3.35090719,2.74238199,53.67029378,51.7996312,3.94128822,32.54411201,4.98635098,5.58767313,7.42860882,51.50804826,49.10902881,3.52316671,3.61658575,,,,,,,,,,,,,,,,,,,,,,,,,,,,,,,,,,,,,,,,,,,,,,,,,,,,,,,,,,,,,,,,,,,,
Sequence_68,7.0966051,6.76208361,6.69562609,53.29664209,47.97752933,5.13294082,3.67981552,3.99533308,5.63547817,4.2792207,92.12481687,3.09981672,3.82078038,4.14861418,2.86581119,4.67858938,5.92877174,58.07267973,51.31851998,4.16314581,47.3188334,47.33501166,48.18275082,48.63280828,48.19847218,46.270018,48.39968991,21.16021704,47.14470198,47.08125015,49.89157562,51.40634217,51.44407532,51.45989456,47.79832029,49.85857541,49.73430489,52.30972743,49.82717514,48.44351979,48.45791988,45.79373939,48.25584498,5.80648928,6.33823728,53.39644514,7.31070014,5.37278445,47.81625169,4.7218489,3.13671287,51.64739756,6.84575185,4.78883969,4.48498559,3.51151652,7.0830298,,,,,,,,,,,,,,,,,,,,,,,,,,,,,,,,,,,,,,,,,,,,,,,,,,,,,,,,,,,,,,,,,,,
Sequence_67,2.46228017,46.19985593,39.94445062,9.80548044,8.97463508,3.06344136,4.59902061,3.06699722,1.9293468,4.65872773,1.84322716,1.45871621,1.91560967,2.88382279,1.66756094,3.27355024,3.23791823,27.01258153,5.55996479,3.38969451,2.16186509,3.20824763,11.595026,10.86704098,12.97502105,2.56124271,47.22153175,5.1135777,42.43601204,42.43601204,48.39879223,27.78165544,26.41299895,17.79207413,48.8172109,48.23339656,49.98722012,48.42971292,48.07068325,43.85312231,43.58775339,27.06050837,44.23418958,2.46205315,3.64347504,50.51440996,27.10747995,2.34232031,48.49999391,4.76218356,2.32309176,4.00231733,6.87171893,2.45207586,4.17084551,3.75287974,2.51095499,2.61909646,,,,,,,,,,,,,,,,,,,,,,,,,,,,,,,,,,,,,,,,,,,,,,,,,,,,,,,,,,,,,,,,,,
Sequence_66,2.659109,49.88978856,51.70806609,13.33516655,8.53374875,2.53590007,?,4.71118879,1.78343027,5.4034105,1.77885957,0.97626178,2.62721702,3.35561775,2.07333636,4.08104656,4.3914736,56.72663358,5.02949245,2.97829223,2.36605389,4.91140609,14.45636699,10.40208946,45.89763809,5.99575659,48.56426979,45.84630414,49.56951081,49.56951081,47.68612534,8.40449016,8.34787406,7.52841424,49.24024931,47.47901449,47.86164855,8.57576046,47.2865892,46.73928664,46.74609596,48.12810913,48.82094465,2.53640033,2.19147234,54.0149732,50.65180311,2.61807154,42.86946308,3.10073587,3.47900491,2.82101785,46.55672771,2.4528753,3.69784648,4.31729456,3.65723913,3.60449532,1.20537593,,,,,,,,,,,,,,,,,,,,,,,,,,,,,,,,,,,,,,,,,,,,,,,,,,,,,,,,,,,,,,,,,
Sequence_65,50.00044504,10.19805972,51.36505155,4.72040569,5.23419379,4.98604073,49.66067512,49.79530513,49.14354342,49.16325657,8.37571515,2.61118392,8.48871985,54.10766172,51.10115276,48.48420358,55.32594585,59.59207938,43.01384704,43.03635411,3.07070021,2.94830164,3.19041687,2.95272963,3.21641402,3.03536545,3.14032507,3.28267096,2.97450499,2.97450499,2.1273323,3.68526617,4.06871944,3.50778128,3.65142697,1.57565054,2.2290182,3.27922361,2.63681628,3.1247962,3.72998193,3.71639988,3.45082256,49.37136229,43.49367619,4.31634152,4.94972702,47.98278124,3.61630906,46.30837216,50.11346777,55.687444,4.93872015,48.94624894,50.10379385,49.99379421,44.57858262,49.00843056,38.76880709,4.43618484,,,,,,,,,,,,,,,,,,,,,,,,,,,,,,,,,,,,,,,,,,,,,,,,,,,,,,,,,,,,,,,,
Sequence_64,3.660886,4.82344697,3.42232654,54.04475257,5.28202833,3.55639711,6.7369375,5.8480882,29.5716284,7.03132612,47.4776111,17.349147,12.38158527,8.20685732,43.4572585,46.96264534,49.22860001,59.8598704,3.40862059,6.92224145,7.12121783,7.03165038,7.12317513,6.13930411,7.62182122,7.0627439,6.86877452,6.20870347,4.58374276,4.58374276,4.93354079,6.12977453,6.08501485,5.56178156,4.45896144,6.03566187,4.57674213,7.7590239,5.97647356,5.45215559,6.41987426,4.54693981,7.03650236,14.04357654,6.34998937,6.56818855,8.03935174,4.28127612,6.26563656,45.22544143,6.88771624,5.82874845,6.84464684,41.11985734,5.30154937,40.79152348,10.55784789,38.18232728,43.96643376,10.203722,9.3432906,,,,,,,,,,,,,,,,,,,,,,,,,,,,,,,,,,,,,,,,,,,,,,,,,,,,,,,,,,,,,,,
Sequence_63,52.24655114,52.70428946,51.64419019,56.42125165,55.71072995,5.0815679,55.21760333,7.45839365,8.54772843,55.88407579,54.76525389,3.59099703,5.59984429,54.52297631,52.12383508,8.26095054,51.38679401,57.71190496,53.02779368,53.09297855,53.15002136,52.85511574,50.77505985,51.23627361,50.37603005,36.89317894,58.17372444,33.56438728,3.49127495,3.49127495,6.29015933,6.61500759,9.61279453,6.52892746,5.39504605,6.29015933,5.22934602,58.21244275,55.16378012,4.78575643,53.12401592,54.59740364,7.85297311,8.7163775,59.35444738,6.70857249,12.32220365,4.01666814,51.22311417,2.86004541,54.65379674,55.06766554,54.74523928,4.74846228,2.87927084,6.94004892,3.89898388,54.08703034,8.10911063,5.79192363,2.37935768,50.18122101,,,,,,,,,,,,,,,,,,,,,,,,,,,,,,,,,,,,,,,,,,,,,,,,,,,,,,,,,,,,,,
Sequence_62,45.63687207,9.96156832,48.05986899,8.36474804,3.99159205,49.07448149,48.3750759,49.12362672,49.150461,10.6216068,49.99460667,5.21821761,41.92654666,48.42324524,45.89203829,48.56034288,53.97978636,23.84410366,48.47397801,47.95082601,2.30712961,2.5043329,2.42072422,2.26763575,2.31079438,4.47891905,2.47025308,4.09966928,3.15638029,2.9859552,3.52819117,5.12586372,5.086493,4.27525998,3.07944954,4.73707271,3.22919204,3.06564717,3.35238412,2.08208191,1.91470889,1.95013445,2.48594478,46.600126,49.08705507,3.95074089,4.53470461,48.79023429,2.66288368,48.30243715,49.29667732,54.79635977,5.53436683,11.00757364,43.00823632,51.45688359,49.61040916,48.58134047,46.2482929,49.68963174,5.14096873,2.56066623,52.78415447,,,,,,,,,,,,,,,,,,,,,,,,,,,,,,,,,,,,,,,,,,,,,,,,,,,,,,,,,,,,,
Sequence_61,3.51588348,9.16015335,2.2835786,5.36032758,45.12694846,10.79991314,4.48150526,4.32686181,4.65839054,5.56929982,5.50494053,2.55407434,5.10226381,2.30875398,3.65030115,4.24825733,51.61456587,8.87339539,3.36926488,5.10701595,48.42627004,48.83070523,54.30644111,54.23316938,54.2073544,47.00445906,49.84817827,3.88518481,46.32803797,46.32803797,50.00719469,3.63038575,4.04800209,2.91078,50.2353098,50.51892003,50.9749859,54.94464759,49.94855733,49.60770304,49.54115383,48.02295911,49.35772626,3.35067817,3.20306155,14.00004716,45.89669216,1.83649298,49.53291914,3.71722967,4.04022009,3.63082275,49.00188994,6.09865372,3.15681758,3.00405903,2.61246121,3.42801243,2.21335191,2.18642417,51.0331021,3.9519905,2.21008713,47.92414154,,,,,,,,,,,,,,,,,,,,,,,,,,,,,,,,,,,,,,,,,,,,,,,,,,,,,,,,,,,,
Sequence_60,3.21783965,3.8191933,2.31451241,6.17750554,13.0806102,4.20987319,3.12948196,2.80283462,3.70238667,3.6189782,5.94983516,1.44639591,3.94933921,3.39652164,3.43459557,2.68725863,7.77816206,7.44487225,6.24031953,3.15743302,47.81530809,48.10410999,8.85106677,9.4364473,40.68394572,3.84765234,45.63753295,4.03550939,5.6906224,6.84797239,48.48299745,4.95079974,5.5032415,4.74973089,46.89499193,48.34096247,49.92270988,54.7226245,48.49164326,46.70561153,46.8166167,42.21605552,6.9795696,4.1307471,4.20234625,7.86174168,25.98434305,2.34543877,43.51515833,3.49962995,3.78044736,6.22427361,46.06280196,3.72850604,5.20371001,2.54476996,2.97554101,3.85819979,1.27962598,2.91415499,6.60804286,5.3772606,1.70380054,46.87389962,1.32138618,,,,,,,,,,,,,,,,,,,,,,,,,,,,,,,,,,,,,,,,,,,,,,,,,,,,,,,,,,,
Sequence_59,3.61893637,6.52919016,18.46468024,29.00085366,3.48278901,8.29199749,3.65881522,3.06603972,2.21647479,3.70644745,3.66017998,3.51156157,2.57846778,4.02760603,4.14123129,7.10023514,5.4461076,58.47867316,4.37354927,2.73158433,47.11172892,47.19105485,46.74900454,46.70895401,46.68492902,7.17794551,47.03120279,41.88394367,46.43708812,46.13259022,50.75834117,16.8242183,16.30413343,13.66558326,47.51612095,50.7899323,50.44374038,45.50574086,50.51268151,48.6909902,48.54984055,43.87493693,47.33707156,3.25910987,4.59546207,57.54882589,4.25928328,4.8877981,46.09059448,5.0137189,2.20704833,4.1848618,42.97794415,3.2250766,3.73754516,4.25660628,5.61237991,4.36599121,2.00784981,2.03421789,49.34955581,9.20805842,55.64353416,47.251502,4.52778566,4.05785263,,,,,,,,,,,,,,,,,,,,,,,,,,,,,,,,,,,,,,,,,,,,,,,,,,,,,,,,,,
Sequence_58,15.84559954,20.02314491,58.5513783,4.68716162,52.02902923,7.15659922,59.06816649,59.0527698,58.90241837,59.05576741,57.40573602,?,57.41309252,40.73822103,56.90893363,24.0388215,58.44862174,5.6212277,5.5132306,3.66089428,49.64258015,49.44078219,16.24914947,11.31926866,16.99278474,56.98162734,18.9497739,56.27931813,57.76553522,57.76553522,10.7923605,17.49000968,17.46593564,17.53625079,50.61091853,10.7923605,10.62546584,7.46157056,10.71631129,16.72939872,16.63409147,56.20946116,17.86148798,58.24284576,5.928823,57.77293754,57.69987924,8.45558181,4.22753875,7.03113738,58.05893189,26.66895671,56.35170432,24.47599014,6.5005682,57.32956631,5.24330519,59.33147643,58.26095681,8.09367762,48.44395471,34.46566101,54.88894959,59.0447385,9.84372184,19.32082572,52.90703094,,,,,,,,,,,,,,,,,,,,,,,,,,,,,,,,,,,,,,,,,,,,,,,,,,,,,,,,,
Sequence_57,45.89956409,7.54527143,3.34534619,53.94881597,7.94149089,5.66691689,41.39190981,40.50776714,16.4310476,8.57840236,9.96010559,7.07832377,6.81874858,44.61811003,9.72982295,4.41374659,48.4738947,58.85616654,45.92851681,10.34545958,5.35090658,5.41697227,6.65794616,6.49671126,6.19069204,8.90853248,9.31123854,9.70220912,49.30503829,49.46739286,50.97906869,55.67105705,55.44291702,56.50016559,9.75286413,51.3301715,50.81437826,55.14275187,50.90644865,7.2386325,8.153636,5.39083907,7.92970233,16.03562264,9.16099196,45.18381231,26.44277324,44.69939239,48.1841263,4.73640317,15.53031103,52.30930582,6.34906337,3.2192622,9.71869733,5.82097453,47.45239722,11.12617803,19.16435509,46.89237015,50.57550463,4.01344655,5.87881162,4.9742807,45.52605713,43.72189299,11.45228231,58.97289852,,,,,,,,,,,,,,,,,,,,,,,,,,,,,,,,,,,,,,,,,,,,,,,,,,,,,,,,
Sequence_56,54.05681136,8.68452247,55.00262745,4.01057619,43.9028823,46.76890988,51.34408247,51.38182206,51.57041945,51.56113059,56.58024598,?,55.70725203,18.74762141,6.88973425,9.44191662,55.59157838,1.93373693,47.50143476,48.28240209,57.07886696,57.02103689,9.8016007,9.7415629,9.4330303,52.55227512,10.11774026,44.31905587,54.13976057,54.13976057,12.5271317,6.26641162,6.77314123,6.49931721,54.51597476,12.5271317,12.18649063,15.2669503,13.27798663,6.52714104,9.35267946,52.97032292,10.07065696,57.24489275,53.28666313,5.83453406,7.25058351,13.88299499,12.8850167,9.22012854,56.3271515,58.31316351,5.90803712,11.23463187,4.87392158,52.39329372,6.59811493,56.05012151,58.17418884,53.86298181,5.12613478,56.05857374,15.69169755,56.61766999,11.48438893,9.42609346,54.70602083,5.03436735,55.23248539,,,,,,,,,,,,,,,,,,,,,,,,,,,,,,,,,,,,,,,,,,,,,,,,,,,,,,,
Sequence_55,39.77287886,7.36491197,4.67542373,10.64697742,2.68962737,51.75791534,8.53109375,8.47513366,6.86036423,6.90915823,49.35586381,16.77242426,47.32312702,44.97533279,5.27339477,5.12860599,51.72774773,57.92849028,49.72432709,5.95782637,2.43218383,2.57658853,3.29767227,3.36639994,3.47147862,2.33676648,2.81867781,3.77576492,2.29633241,2.6478903,4.68664053,7.1374476,7.137418,6.56039615,2.20825259,5.39741535,4.44611317,5.71143956,5.3196863,2.73169148,2.8729431,3.16380911,2.75314332,27.67074562,52.78928865,3.07949293,4.14123966,46.08880207,2.33945948,45.61208347,43.64879819,54.67690709,4.07935644,46.36623093,5.80742979,3.42911411,10.6982365,46.66946724,42.2319236,49.81598197,5.89403193,3.81274398,51.27054545,2.37165348,39.59312577,39.52878554,38.65417204,57.44648877,44.29428814,53.34508973,,,,,,,,,,,,,,,,,,,,,,,,,,,,,,,,,,,,,,,,,,,,,,,,,,,,,,
Sequence_54,5.88227534,3.58772102,45.346134,9.35131288,4.67671237,6.25198771,47.04163628,46.94423155,45.64971018,49.75323268,37.97540114,7.17649137,42.43817708,2.82203776,39.15229886,9.93872391,53.32270098,59.71256371,44.56607273,34.33104434,4.89859124,4.98565027,5.40397737,5.40397737,5.40397737,3.49247992,4.54367413,5.14151213,4.9236122,4.95822997,5.21448822,3.63900349,3.48244341,3.56297822,3.14462705,5.1785559,5.21448822,3.88134765,5.27752937,4.33589775,4.25450196,3.18053866,4.17658306,33.81481132,44.48606025,2.28953303,2.31523946,45.0218196,4.72810348,44.77475087,6.90734977,3.77031388,4.54562974,47.41913713,45.50569121,53.47659816,53.46123812,23.92491285,3.87307982,6.61820274,5.22434376,6.40008946,53.95095805,3.54777424,46.17941527,16.03198945,6.15407365,58.36166435,49.24551939,58.96336994,4.91139892,,,,,,,,,,,,,,,,,,,,,,,,,,,,,,,,,,,,,,,,,,,,,,,,,,,,,
Sequence_53,42.26816124,6.56872146,40.35219893,5.51720076,6.1289551,49.32317373,13.66004421,10.29052204,14.09692893,42.51750782,49.36844871,46.19809921,8.2962398,47.76510775,48.78997475,49.4752196,53.27864269,58.38607002,50.33151602,50.23915816,5.37935908,5.65288409,5.20914445,5.06591815,4.93607686,3.10693773,3.17969429,3.18852197,3.13397733,3.53699042,4.51038789,4.74216851,4.71967763,5.28026775,4.15150618,4.74139027,4.57417138,6.00554251,4.35381138,3.48186496,3.25817583,3.56316778,3.84018231,45.21231923,49.21972508,2.77209191,3.45527814,49.21386661,4.06656665,48.51916783,3.51777761,56.56563066,7.32924757,39.15561988,49.76135772,52.06371294,51.241666,24.88927084,37.7746919,49.84462751,5.31677361,6.14821875,52.47116809,5.17007093,47.44918193,37.98826754,46.87090223,55.90901876,47.05437223,4.58127194,4.69419417,4.84086334,,,,,,,,,,,,,,,,,,,,,,,,,,,,,,,,,,,,,,,,,,,,,,,,,,,,
Sequence_52,44.43044845,48.29985499,45.54375743,14.28142082,21.09101068,56.56408341,46.33809061,46.38112048,43.64803129,46.6940999,9.62657083,?,38.51280707,53.0773094,5.04950329,6.24625259,5.44495006,59.49977277,55.54000274,55.32583613,47.52093622,50.02339396,47.33746432,48.65263367,46.84738827,48.73222805,48.95312558,46.91829982,50.17233305,50.17233305,47.37459048,6.75294935,6.62838046,6.72806023,49.84516336,47.37459048,45.92574496,10.21876231,46.90637278,46.86705964,46.44823854,50.84052365,48.20583948,42.6065669,55.60013358,5.92590043,5.49647127,8.94690389,47.58294777,45.49249695,10.71827921,56.43285668,3.28086688,8.48766481,51.63707034,47.63730989,56.98924783,42.17256912,16.0644539,5.20803453,5.60966735,50.41387259,54.63898669,51.49633129,50.94011983,49.60654393,16.00796829,22.89328886,45.36152929,7.36914173,48.38546262,4.94664382,3.09646794,,,,,,,,,,,,,,,,,,,,,,,,,,,,,,,,,,,,,,,,,,,,,,,,,,,
Sequence_51,1.03191138,52.81817139,55.06737098,53.44512158,49.58331868,1.66876947,3.8139625,2.32278135,2.71040859,54.19993692,4.98823645,2.47662347,2.13541784,2.65541788,3.0247876,4.43596018,3.69955768,59.57066317,3.17504242,3.44607757,35.33515376,37.73470013,53.47285366,49.28308756,53.99768278,8.2575146,51.28240376,51.73928749,51.11084241,51.28272127,49.1500506,21.66703461,21.52608182,19.52822031,11.25936392,49.06694452,48.86406563,49.21382685,48.96874128,51.8733501,52.01162167,6.15612661,52.45597954,3.64139449,2.83972501,55.7272812,6.06306705,2.86976907,51.46035717,5.19941617,1.10706249,1.48087606,7.28929586,4.93527124,4.5175108,5.97484204,4.05813163,3.37891453,1.03953384,1.87310717,44.58404812,10.55067627,54.15547662,51.24394023,2.15335053,4.40155425,2.84120695,6.41159464,49.35246165,56.89579784,52.78963373,2.74483832,48.60761493,54.79800788,,,,,,,,,,,,,,,,,,,,,,,,,,,,,,,,,,,,,,,,,,,,,,,,,,
Sequence_50,2.37338324,46.23461905,27.40100771,10.94021075,43.1807975,6.55668585,3.81694766,3.32173842,2.62514043,4.37288511,3.58381568,2.89943476,4.31962765,2.69203078,2.51145537,2.4578098,3.27582631,58.07158799,4.85923528,3.50015653,45.16200452,45.57552736,43.10065178,42.5817943,43.22087648,5.94884664,43.54332268,43.14382216,47.79747035,47.79747035,47.29742036,54.54635349,54.49308189,54.2650157,49.33105824,47.75538164,47.4453145,51.03285419,46.96461315,43.43985829,43.26424553,46.13092587,42.86786135,0.547962,2.127487,51.34236921,45.08365133,1.88531743,45.3158407,7.32149361,2.41425789,2.85371682,45.47972253,4.41028886,5.07131405,4.67049765,2.48867077,6.04033467,3.15870556,2.87724134,50.03248428,15.38357021,8.54110616,48.06363293,3.66124034,4.42099952,3.83384894,56.83614918,19.89850975,55.28195501,43.66468466,43.39728293,11.80897398,7.82459642,4.76167511,,,,,,,,,,,,,,,,,,,,,,,,,,,,,,,,,,,,,,,,,,,,,,,,,
Sequence_49,5.47932899,11.88703129,43.9604835,26.12449644,44.81739869,8.10021909,1.64145102,1.71058556,2.08987116,2.39230045,9.2106945,4.25943593,4.31151911,3.91646953,3.48034399,3.85534708,51.78595724,28.55403586,4.11243442,2.52504291,4.44258055,5.3642841,51.08731566,50.78848728,51.11311064,44.86487884,9.00941166,10.44795641,?,7.48159648,48.83673505,4.67094194,5.10431552,3.76405499,48.7135304,49.08010058,48.56493738,54.19572606,48.84778474,5.34677346,6.35714342,4.90110271,8.58628501,7.31865775,4.98427005,26.0943096,46.09657499,4.49366929,48.76772796,5.56251396,4.0979995,6.20389314,48.76299961,4.47476814,3.74636802,3.6559805,3.97019545,3.97387577,1.41557027,2.04915107,49.75072277,4.16561109,2.66044669,5.50386118,1.65196046,1.80636078,2.8289655,10.53869112,7.91821103,13.3157161,46.21295932,45.52524903,50.4543192,52.35085871,3.28886378,9.50422573,,,,,,,,,,,,,,,,,,,,,,,,,,,,,,,,,,,,,,,,,,,,,,,,
Sequence_48,2.38022561,9.2878264,36.31628319,6.13290271,55.68468916,2.36540228,5.03644038,6.07500767,4.47617934,48.40811563,55.01795944,43.20828119,4.52225528,5.46910133,2.91467465,4.44931296,51.94276624,52.62752683,4.19347876,3.22963838,5.72683439,6.20357828,8.31188992,8.25509981,8.19630746,4.96803835,9.21628258,11.42743738,4.0732592,3.80289307,56.07038479,34.64415092,34.25715192,31.74058693,6.53084184,51.92414537,56.06303002,32.49436834,55.90575377,9.00259261,9.43018893,5.48000434,8.87044494,5.12932784,4.70944227,11.04178923,10.88313066,9.96694959,11.14187772,2.62874688,2.71301895,3.6064933,50.29709143,5.19234711,2.73307245,4.45821449,5.65348454,7.44812724,8.4413345,42.8359176,48.86635832,54.25207849,3.22775847,10.19159172,42.22254874,4.38799052,11.05439696,6.80390825,3.72932621,4.14848141,10.58775582,11.18912135,53.7111438,48.71631816,3.70375278,16.64058759,36.16214351,,,,,,,,,,,,,,,,,,,,,,,,,,,,,,,,,,,,,,,,,,,,,,,
Sequence_47,2.03849566,46.38414103,23.61586037,53.7457314,8.99265593,4.16937499,6.23100537,4.92211275,2.49735728,7.64679939,3.47353512,2.20043881,3.51803194,3.02042817,1.93837843,3.06915595,3.41253538,59.06413799,3.41884575,3.22273075,9.85464276,18.56595045,9.54551497,9.10374492,10.12529156,4.47139039,45.64336136,4.53393305,39.46279435,39.46279435,44.3444365,53.55850344,53.71005585,52.77445996,45.62538375,45.62352271,44.63386489,48.90813057,43.81564269,46.875487,46.82979318,39.52288169,45.45955231,1.21333422,2.40488989,7.59448069,24.88903976,3.23680435,33.69796824,6.15524059,2.41215523,3.75757397,13.21157019,4.492174,5.40677634,3.317152,2.97163922,5.74225938,1.92419002,3.72730416,47.38158808,16.82734347,10.30661699,43.48805876,4.68199897,2.82936141,3.32086213,58.83824044,8.81346675,57.71055666,12.69828351,7.40192168,28.23729068,43.96816301,2.94256131,2.05768176,4.86364675,10.89640485,,,,,,,,,,,,,,,,,,,,,,,,,,,,,,,,,,,,,,,,,,,,,,
Sequence_46,2.24673828,22.56353562,3.61165268,48.90016249,25.56251918,2.43187773,4.90017234,4.77111278,4.86642906,5.1999276,5.47784927,2.7348075,5.16277225,2.81108304,4.30411752,9.21522951,5.61736191,55.17257223,2.43150403,2.77324866,43.74306994,44.39235594,47.40851242,45.66070819,47.81695079,43.16250853,47.78985644,45.76758933,48.23998518,48.23998518,49.66339247,4.95949413,5.0840179,4.3641065,47.99010493,49.55498271,49.66339247,13.22853852,49.39818618,48.09292283,47.96758888,44.50586715,48.04513229,4.99828578,4.12098983,53.88988566,46.91846579,2.12856131,47.32528285,4.81709083,3.91749414,3.14748606,5.38853811,3.74840438,2.06387669,3.4561738,4.89373993,1.80999367,2.17238987,2.75461155,49.88001658,2.99326712,6.62871189,46.04954615,2.61819836,2.29563488,3.26254846,6.23463221,6.16608825,45.89709688,39.45007364,9.60210032,45.47185762,47.97322256,3.35882846,6.24453318,3.34287683,3.71269692,3.70852676,,,,,,,,,,,,,,,,,,,,,,,,,,,,,,,,,,,,,,,,,,,,,
Sequence_45,47.88004303,6.85459629,49.65009396,3.98773914,6.32659156,5.14820415,49.85574116,50.20669128,82.21785947,50.16709361,7.19007871,3.38383874,4.42238214,48.87436968,4.99663859,46.06137327,54.73486901,55.70824954,14.93550934,11.31853721,2.69137445,2.90098558,4.01399123,3.85610122,4.00552301,3.68013004,3.58805716,3.50371912,2.5459176,2.5459176,2.7449981,3.74775759,4.21687164,3.05302552,3.67893573,1.98817583,2.7449981,3.72787037,3.34654142,2.61323028,3.06967138,3.87112687,3.64995249,46.3070982,9.88285125,4.66671397,5.19269238,47.49440813,2.95421616,42.70046337,50.33616737,47.6885508,4.62363614,47.53463029,46.95763594,48.5445198,44.24709425,48.65843797,7.27567495,3.88893965,0.26295297,8.34865507,2.40375861,3.91741221,4.60229748,3.3654767,49.38258438,49.11308646,46.97620697,3.79687799,4.66877657,5.49337525,5.04991627,50.0797731,36.78469701,49.40166274,2.65088106,19.59113091,43.02343229,49.9139125,,,,,,,,,,,,,,,,,,,,,,,,,,,,,,,,,,,,,,,,,,,,
Sequence_44,49.56923554,7.08778391,48.71986982,6.10559395,5.14218155,15.06828861,51.01067232,50.02379388,49.33531289,50.04192904,5.15943903,4.92395341,5.58393213,50.33223712,49.00171404,7.8985798,54.55411107,59.79667552,41.44182055,14.43304151,2.90164227,2.51229295,4.13023741,3.98237574,4.11856207,5.01341764,4.20742373,3.6894574,4.50534736,4.50534736,2.83034939,3.45161142,4.08055396,3.37799428,4.46863559,1.85568814,2.83034939,4.14818075,3.46474865,4.05108839,4.65389401,4.87440534,4.7851305,46.13887629,17.39015489,3.9476115,4.57943656,48.50457732,4.53715651,10.23436195,49.94189885,49.15887119,5.55924831,48.18856367,41.27111767,9.28499463,53.20748445,48.03810734,8.70557513,5.70568589,0.43871597,8.83618945,9.87522533,4.6092208,50.95193632,4.33528074,47.92544467,57.49443813,8.58973776,58.4664159,4.48816428,5.64756208,5.8759359,49.94111272,42.34880261,49.13931022,8.82158929,45.71367419,8.25875093,49.5366545,0.95057782,,,,,,,,,,,,,,,,,,,,,,,,,,,,,,,,,,,,,,,,,,,
Sequence_43,2.51074892,6.29576417,57.12948355,3.64560237,54.56162827,6.02750923,51.34554209,4.63254066,47.88412376,8.37933892,54.71053457,15.0252818,3.77612,53.72755847,4.73173605,54.18661523,6.41231421,6.14883965,10.58624647,6.15556264,13.87637492,14.251542,53.58080507,53.74504318,53.42117158,51.83095942,54.05306593,51.76357959,52.8250626,52.93946968,21.16586125,35.89346912,35.92066568,33.19425811,46.80122518,21.62007314,21.44141003,7.84767617,21.03823902,53.30046592,53.30729456,52.12526138,53.52396608,53.15560276,55.10446343,51.21852441,51.48615367,54.31550106,42.16594975,?,53.55881737,51.88532047,55.78117346,54.55979632,4.8636396,4.52007162,4.80547952,3.82588022,5.12757135,12.54410162,52.94803171,52.92654244,51.3233508,54.49798057,14.65161153,5.15803628,43.82671083,2.61719714,55.24547775,6.54688492,15.90220695,55.11966191,54.78713265,14.89404229,5.97643466,55.81347856,20.9681784,2.54046918,6.59272192,3.20387373,52.63867035,56.3950949,,,,,,,,,,,,,,,,,,,,,,,,,,,,,,,,,,,,,,,,,,
Sequence_42,48.98775306,34.16820064,50.41450263,6.27746746,8.05737172,51.56634045,50.29742347,50.38306645,49.68779398,51.59850287,50.51162026,51.76227721,49.9784509,50.65762683,50.02719328,50.65895135,54.25817026,58.98606324,52.12402224,51.31707622,4.67609445,4.76835031,5.20082004,5.12271508,5.10528407,5.46822381,4.38372325,4.1825405,4.15764791,4.3706759,6.69026472,10.63533606,10.82010418,10.55164168,4.69662498,6.66480581,6.70312893,7.42932483,6.53438865,5.03925039,4.78217841,4.23908906,4.89394675,48.77122325,51.79117718,9.73902796,8.84849848,49.74264554,7.71552981,49.96830004,51.61520419,51.98953687,12.91476041,49.84734563,49.62900734,54.56838597,53.9809326,50.46013179,45.48247137,51.79647396,6.19491167,49.62425809,55.6195227,4.94426927,49.93727204,46.8824263,50.80320992,58.36878755,51.5081546,55.95349293,7.09518406,10.20612581,7.0858217,51.78713368,51.34661455,47.49490063,50.8382375,5.27666022,47.79064514,49.98338782,5.25648725,5.25603,56.74166927,,,,,,,,,,,,,,,,,,,,,,,,,,,,,,,,,,,,,,,,,
Sequence_41,46.2064305,5.24863794,2.01875456,9.74605738,3.54747997,52.30270862,3.52762827,5.19935483,10.12627953,4.24729971,41.99460779,46.53557194,7.70380747,52.63671447,47.10887396,47.08088784,54.45158307,59.78954628,53.49547037,53.37041766,4.53153558,4.74038913,4.96743071,5.14742139,5.04956901,4.64999036,4.96694975,6.54462792,2.88591653,2.88591653,7.02948961,5.45877148,5.36188298,4.86468431,4.99412825,7.15203172,7.02614177,6.79648398,6.77022659,6.36508648,5.90581409,5.0614464,5.14309298,46.40971537,53.21813438,3.79609778,3.37867585,48.330127,4.17929299,50.02708307,31.66358657,55.88736301,4.28377007,16.69272153,48.52777702,3.91285458,50.87535562,37.25957919,25.78531051,50.51104122,4.48402238,4.35870048,55.56575475,4.50422009,46.5934396,17.19491094,39.2136018,59.22354352,23.52889342,9.41304955,2.72134019,3.63844357,3.85372586,5.20291527,54.00349025,43.66270852,49.74994415,54.01945234,37.79190599,40.02151358,4.79497053,4.46316682,55.1773851,7.63029814,,,,,,,,,,,,,,,,,,,,,,,,,,,,,,,,,,,,,,,,
Sequence_40,47.3068541,5.55171188,3.02678484,9.68757861,5.51682552,52.16209999,3.92800507,4.20944807,5.53998072,4.98323186,47.56507045,23.08917136,9.25501077,44.61766518,45.97309706,7.79612029,54.38155046,57.64843032,53.68945835,53.21021309,4.84779131,5.13026134,4.48487214,4.64237,4.57308186,3.59996577,6.58464088,7.21338075,4.31125795,4.31125795,7.34202137,4.25930737,4.24375167,3.81277245,5.57797888,7.24303969,7.33202563,6.40287199,7.30945778,7.51471681,7.49995155,6.31463869,5.58833024,46.73365251,53.25658254,3.84913341,3.28973715,49.81992246,5.33307813,46.09693847,20.09240026,56.06423922,4.31272095,10.37423449,48.40848044,4.86380276,45.6575916,20.97662672,18.20643486,50.83830994,4.81445683,5.97742667,34.91312175,6.10284281,41.99391,8.95196828,14.07584015,58.13036583,41.16529644,7.37504298,2.66207386,2.81371676,3.45022722,6.53887537,53.74970821,44.10434931,47.79553991,14.11267148,27.44504486,14.65951937,4.7467478,4.43674945,53.61047562,9.54666352,0.82851995,,,,,,,,,,,,,,,,,,,,,,,,,,,,,,,,,,,,,,,
Sequence_39,2.22295662,17.63764852,20.83507935,51.33493092,44.93024206,4.25905345,7.30768483,5.73043668,3.0900702,7.57615734,2.60276802,2.85328048,2.71663171,4.38175557,2.89492821,4.57778659,2.69257052,57.84743778,5.35470387,3.63120712,48.3112082,48.03946225,41.63737914,43.63139441,40.48995731,9.92300482,43.91996455,37.14525444,47.51702291,47.51702291,50.6228496,52.17593201,52.09952445,51.30399864,48.02938999,50.63304074,50.68617396,50.22789621,50.46716833,46.58715074,46.37437667,44.480425,43.8071614,3.3309615,3.25628705,52.45821347,5.22208048,3.56588395,41.62170245,3.21822438,2.18315221,3.25234322,41.32310645,2.43046085,6.06194061,3.82622861,6.79189389,3.83221086,1.45132051,1.21660506,49.18107603,42.41474713,52.54170052,47.21994577,4.7357773,3.47114549,2.84299548,58.95002363,12.02607303,56.02315257,45.34988149,6.07869422,48.70158729,7.17064809,2.66585719,4.0217792,3.83487399,6.1373792,2.40962579,3.55501625,49.17357594,47.74890603,55.01787865,48.01953062,44.19989553,42.08435533,,,,,,,,,,,,,,,,,,,,,,,,,,,,,,,,,,,,,,
Sequence_38,52.54570635,50.67548087,49.38552938,10.12035356,55.65761067,55.25766322,7.68351873,5.18212284,5.3119194,51.01422911,52.46853969,2.40214052,49.58692427,51.77330855,49.82837119,3.92237925,52.42447408,59.5471171,53.15736325,53.29442849,11.3096314,10.72432956,12.49769613,12.6997274,12.42202448,10.10092733,8.94615233,6.74555979,9.36751069,9.52043663,7.3284145,52.67214562,55.21169365,51.96977458,8.89249228,7.13461201,8.03235565,11.00271415,9.17085745,8.45818267,9.72589269,8.70911064,8.42557711,4.91833166,5.12961235,8.90085471,23.47519043,42.27254956,52.87050248,51.73054708,48.75305922,53.93948148,54.69807489,47.96462626,49.66603415,5.95059911,53.58777111,52.13712353,52.51830391,53.70282425,6.27454435,48.85272062,5.36543457,52.34492568,4.21440312,26.3750294,52.60041128,58.73233725,46.23656156,56.70088555,53.41545409,52.23757307,52.26671291,54.48288744,54.13992188,6.83200098,37.01353426,54.3410082,5.23050881,54.28247134,6.18167249,6.27817542,55.16553675,10.46644235,55.75638439,52.42422928,4.22647822,,,,,,,,,,,,,,,,,,,,,,,,,,,,,,,,,,,,,
Sequence_37,48.43652472,3.95354447,2.29166011,8.80406219,3.34507537,52.70647965,45.95759086,44.10415675,9.23582542,46.89480406,47.0240699,2.43175728,5.93776691,49.37789258,47.60722055,46.16874125,54.07641553,59.3350573,53.67161092,53.54956295,4.84537449,4.98876766,5.10692413,5.28444776,5.183292,2.84646517,3.96648258,4.10810926,5.71853518,5.71853518,6.79185456,6.09940693,6.16329956,5.69840142,4.84008769,6.76215309,6.79402852,7.17499596,6.83197101,3.84186008,3.77607742,3.75519317,3.41679789,47.36381341,53.67929835,0.11486892,0.11376844,49.12489148,4.79273122,47.67860693,7.45835728,56.8156661,5.82801805,47.52268857,49.01462039,2.7728414,51.83125577,45.84583318,27.10747995,50.65180311,4.89339073,7.03440544,12.32220365,3.99072505,46.75440212,25.52736233,7.15248795,57.69987924,20.21750618,7.25058351,3.48013623,2.098224,3.01497338,5.49647127,53.9734923,46.47376754,46.37482044,11.17787196,22.42652408,46.91846579,5.02273364,4.38080324,51.48437521,8.84849848,2.79628949,2.92389347,46.30887295,23.41105482,,,,,,,,,,,,,,,,,,,,,,,,,,,,,,,,,,,,
Sequence_36,49.2421931,3.91733831,44.54072414,9.22949788,6.5866385,53.86461993,12.8371629,6.59387953,11.02038451,6.39113886,9.24886077,39.34211334,50.45541935,51.58287854,47.75280182,48.391899,53.6176534,51.96142359,51.98569181,52.9399907,7.0428046,7.25996138,7.48639258,7.65860082,7.49989594,6.79910083,6.95514505,8.04034394,6.88654667,7.15198576,7.18210366,5.31518022,5.29414819,4.7754888,8.10685372,6.78964533,7.17538348,7.28078569,7.06073873,7.91128053,7.80068484,7.26484935,6.63474558,46.4101231,53.20230755,2.05409075,2.27158985,49.78196654,7.29320381,50.43883969,43.46998158,55.89636081,8.28886801,49.68219123,14.6846914,17.07441709,16.63020745,49.16298947,44.54179306,49.95494732,4.39301124,8.08205085,51.48216388,7.19777444,11.85081033,11.93082094,43.09460782,21.29624255,50.384688,5.85553882,4.78067182,5.47732004,5.42436945,4.71284008,53.40385325,46.61857211,46.03626853,53.77752346,47.96151006,47.94295117,5.89757567,4.85847151,10.88476643,8.83816696,2.16939442,1.81240068,48.88147161,51.4396644,1.97410325,,,,,,,,,,,,,,,,,,,,,,,,,,,,,,,,,,,
Sequence_35,48.43652472,3.43211941,45.98583585,9.71361753,3.52849143,52.55524802,50.63345477,47.42638675,47.11663688,48.88056039,46.74331483,2.15140696,4.72969866,49.38041624,47.48073684,45.1174474,53.87243929,59.55421137,53.22898365,53.46769564,4.66663789,5.27624134,5.499566,5.64557012,5.55244617,3.0367456,4.13690951,4.79833505,5.81190435,5.81190435,7.16425115,5.96064767,6.02345233,5.5627086,4.89034878,6.92162611,7.15833519,7.32039194,7.19617564,4.11196663,4.04401207,3.97469605,3.60030551,46.52035734,53.28003346,0.25254644,0.21103571,47.89083505,4.56945553,47.30093506,4.8644563,56.8156661,5.57163221,47.04426704,48.46306555,6.51000931,51.75786736,7.93507355,20.33149218,50.7501795,5.25199257,7.71405322,12.32220365,4.14818293,45.97824609,20.91636776,4.55160171,57.9136808,19.52872593,7.25058351,3.16696862,1.96761959,3.42663298,5.49647127,6.94557381,48.3577947,45.25001958,10.82306882,29.96457369,46.60932559,4.50354318,4.36710973,51.53087714,8.86932763,3.63359845,3.29911377,5.41427356,26.70248317,0.25562354,1.94847477,,,,,,,,,,,,,,,,,,,,,,,,,,,,,,,,,,
Sequence_34,48.43652472,3.74510082,48.36476419,8.80406219,3.34507537,52.70647965,45.95759086,44.10415675,9.23582542,46.89480406,47.0240699,2.43175728,5.93776691,16.70469639,47.60722055,46.16874125,54.07641553,52.8456341,53.67161092,53.54956295,4.84537449,4.98876766,5.10692413,5.28444776,5.183292,2.84646517,3.96648258,4.10810926,5.71853518,5.71853518,7.13539377,6.29300907,6.35311054,5.97634267,4.84008769,7.10789402,7.1292447,7.47887405,7.17232997,3.84186008,3.77607742,3.75519317,3.41679789,47.36381341,53.67929835,0.11539005,0.20776243,49.12489148,4.63657536,47.67860693,7.45835728,56.8156661,5.82801805,47.52268857,49.01462039,6.10625425,51.83125577,45.84583318,27.10747995,50.65180311,5.11827932,7.72899494,13.52347745,3.99072505,46.75440212,25.52736233,7.15248795,57.87461513,20.21750618,5.6116426,3.3630617,2.098224,3.00379908,6.20589396,53.9734923,46.47376754,46.37482044,11.17787196,22.42652408,46.91846579,5.02273364,4.38080324,51.48437521,8.84849848,3.51468954,3.44325872,46.30887295,26.55014327,0.07466129,1.74596026,0.25698442,,,,,,,,,,,,,,,,,,,,,,,,,,,,,,,,,
Sequence_33,46.27248838,5.26827357,2.18764128,9.74605738,3.32986711,52.31182104,3.78294696,7.28522732,12.27715915,4.77258394,41.99460779,46.53557194,7.75502447,52.68528366,47.11460119,47.15494789,54.28973963,59.81999655,53.52683723,53.39988128,4.67083838,4.87464717,5.11245203,5.29133126,5.18923666,4.64719119,5.14947522,6.57827883,3.01932715,3.01932715,7.11625805,5.35413896,5.25583088,4.75316677,4.968657,7.23102323,7.11114166,6.91751074,6.86384547,6.49644876,6.06354759,5.25724509,5.33037647,46.44676034,53.05192169,3.76318224,3.34706465,48.34801652,4.13097535,49.99943213,32.91944913,55.61233671,4.15062724,16.82081927,48.5258401,3.89695689,50.88966398,37.63212485,25.78531051,50.16070957,4.30516693,4.46804734,55.34170771,4.50422009,46.42991574,17.19491094,39.2136018,58.96190733,26.9983381,9.43478202,2.83226713,3.30693236,3.9514645,5.27091577,53.78175374,43.86987515,49.75668164,53.91696429,38.58842094,40.02151358,4.91375554,4.48087899,54.98072665,7.78750992,0.08158817,0.86862421,44.26772392,55.78449408,2.76499839,2.21890588,3.59781965,3.47854806,,,,,,,,,,,,,,,,,,,,,,,,,,,,,,,,
Sequence_32,50.01621394,10.7260901,46.68259277,9.58939452,7.05890634,51.96869639,48.18329451,48.59759365,48.55052907,49.33732993,5.37025958,46.37810274,47.61596527,50.14807333,49.00175857,49.95830895,53.76270082,58.23496704,52.27029405,52.7551942,5.44528748,5.5696017,5.05768251,5.2365395,5.13593165,4.25955482,3.63633055,5.91240047,4.48945081,4.67835799,6.73145664,4.71751668,4.69981709,4.05895503,4.79213737,6.95629156,6.73521909,7.18663246,6.58900115,3.3102518,3.2251407,3.32255017,3.43103231,47.51124064,52.69175175,2.78222718,2.84195881,46.49132655,4.20797269,45.89288056,47.64452359,57.44982782,5.20752008,48.72024677,48.75670364,51.67623859,39.54038592,44.80200273,39.2269487,10.43980543,3.5059705,7.87661219,6.50629818,4.00268823,46.06994984,43.08786952,43.93054707,55.43863003,48.01814582,7.04279118,5.95639342,3.71977287,5.42930968,4.66868176,52.62337107,48.71161905,18.91376245,52.63015258,47.78911264,47.41607967,4.44871221,6.14117318,50.39036252,7.84169277,2.79445481,3.17316352,43.95993237,49.79793977,2.40599372,2.32191226,2.52270493,2.57808861,2.47095087,,,,,,,,,,,,,,,,,,,,,,,,,,,,,,,
Sequence_31,48.17045999,4.10532314,2.83052233,8.08952798,3.42855944,52.56088182,3.70940074,6.57005051,8.49435335,4.98770114,45.59479976,46.53557194,8.27074385,52.9481976,49.10755899,47.92527217,54.55623564,54.53357849,53.15581359,53.06828802,4.80233484,5.00703852,5.07351658,5.26429241,5.1567195,4.79600708,5.52380784,6.85762938,3.16323523,3.16323523,7.27520577,4.6681627,4.57698982,4.12432418,5.17234955,7.3812461,7.26666046,7.12381723,7.02108533,6.81666688,6.4120784,5.44749242,5.68340931,48.43593558,53.43009559,4.44934932,3.95250222,49.76845749,4.3991913,49.97802357,41.0220151,55.91014241,4.28222042,18.38500568,48.84088909,3.96507469,15.70294596,44.07809037,35.67508648,51.34032146,4.60422681,4.77838915,55.6305728,5.83540805,9.56650535,6.20674665,19.56640314,50.2461817,37.6829836,7.85308349,2.81208483,3.85436659,4.23241477,5.94706229,54.17643843,46.89356852,?,53.94785327,44.10635476,40.53381851,5.05778963,4.8157846,17.57973008,8.01370468,0.24423601,0.90064744,46.31792027,55.68278984,3.29615967,1.90053733,4.30764546,4.18589442,0.23931573,2.67353379,,,,,,,,,,,,,,,,,,,,,,,,,,,,,,
Sequence_30,47.99617566,4.81978327,43.99755843,10.68166998,5.92358234,53.35432028,45.61277272,18.64924472,47.06169594,45.57928807,7.47277199,48.22541114,48.30269535,49.96362737,47.63279866,48.38787527,53.54993257,59.96062986,53.02328185,52.59924237,6.97185151,7.19659991,7.43263306,7.59849732,7.44675103,5.71730767,6.44337688,7.33129295,7.25021273,7.36128447,7.47363524,5.02241678,4.9351549,4.85469901,7.1465364,6.96853655,7.46108656,8.16975195,7.57942713,4.99277144,5.13075057,4.15174921,5.89017928,48.36668983,53.03371633,1.79687302,1.63243485,48.20329531,7.51303948,49.71046792,8.14237564,55.81879728,7.40965415,50.41220438,42.26670072,52.18621206,52.22887669,12.70407883,38.67189707,49.48062267,4.88301461,7.8777354,47.61570181,6.40339381,48.39927748,41.66601356,43.80277912,58.55867688,49.41843691,6.13568056,7.44185121,3.73255066,4.4581654,4.19499162,5.44681835,43.60135946,46.94762923,52.6183672,47.16279541,47.64030444,5.83077091,5.29720209,54.07668972,5.64485081,2.88210562,1.93729154,44.72411756,49.62411272,1.50457644,1.50486168,1.26224712,1.70931945,2.90869075,1.95771516,3.18486829,,,,,,,,,,,,,,,,,,,,,,,,,,,,,
Sequence_29,48.43652472,3.32395169,45.98583585,9.85159613,3.36133185,52.65548125,47.91927576,47.69399095,46.34375347,49.07250341,46.57354081,2.41984739,4.48996407,50.13066919,47.63888611,46.7231881,54.10001442,59.55421137,53.46894458,53.34897676,4.96240356,5.11086847,5.35741355,5.5224533,5.42112746,3.19622372,4.03451236,4.74295184,5.60283802,5.60283802,7.24887447,5.97446612,6.03838712,5.54126986,4.69605393,7.04701399,7.24094474,7.55623522,7.28192199,3.96234279,3.89580026,3.85826291,3.49580779,46.99411953,53.55856745,0.24799191,0.25257337,47.98124416,4.35693356,47.33649423,7.36789039,56.8156661,5.9276884,47.25693213,48.80173227,4.24963323,51.79826468,45.44845491,27.10747995,50.65180311,5.16750029,7.5891342,12.32220365,4.10083252,46.31486722,25.90841824,5.6892732,57.9136808,18.11601583,7.25058351,3.04046725,2.18873867,3.21867844,5.49647127,54.82050998,48.80297233,45.51464769,11.05989987,34.09768024,46.91559255,4.79881559,4.17133471,51.50189365,8.75360297,3.32790729,3.39743822,53.38514831,26.52785596,0.25100145,1.62472807,0.11615636,0.25231423,3.28867499,2.51638143,4.02646632,1.22983598,,,,,,,,,,,,,,,,,,,,,,,,,,,,
Sequence_28,52.74974607,3.94749476,51.46868481,7.14107462,4.21013353,54.4650966,5.9669498,5.43026226,5.15447858,7.22747913,54.03865986,1.75562732,7.31799112,53.20507448,51.52222963,51.01357854,55.27014752,58.97473045,54.76401919,55.03889514,6.94514331,7.33039649,8.35858823,8.51849996,8.35462886,6.54152599,6.32704955,4.81829213,8.0161246,8.0161246,6.10840887,5.22528168,5.71415683,5.38885709,6.90979183,5.36305518,6.12962952,7.88553612,7.23619661,5.51176074,5.92562297,5.29235686,5.96559028,50.79911874,54.7325407,0.97908293,1.03389959,36.86677754,8.41805884,50.78225429,3.39062699,57.61904181,8.01659753,50.7080269,52.12734176,3.22359913,53.97446626,53.68135769,50.60812318,54.05008603,4.54825094,7.29025069,6.70857249,4.58515967,10.65347569,8.27051393,6.4104192,57.75928572,46.52515825,5.83453406,6.30445475,2.76756916,2.41774926,5.92590043,61.90909878,5.33775208,8.4130037,51.86228506,8.38813754,53.89450843,4.8404863,4.08200022,51.16079705,9.62253036,3.77392685,4.38231048,52.59477303,8.43058962,1.04820124,2.79193749,0.9798691,1.15665311,3.83054981,4.23404158,4.76139301,1.56057253,0.87453279,,,,,,,,,,,,,,,,,,,,,,,,,,,
Sequence_27,52.74974607,3.25489283,51.46868481,7.09547503,4.52574889,54.58964796,4.92567111,4.5407372,4.51602282,5.67002769,54.06901523,1.69865299,7.56996511,54.18143443,51.60605973,50.21290618,55.20911216,58.97473045,54.91661932,55.200765,5.13511565,5.7539735,6.38634367,6.52722672,6.41805475,4.17870862,4.82757126,4.20385799,5.80186658,5.80186658,6.12783852,5.06048345,5.52493497,5.22206042,5.04863829,5.48651217,6.14635652,7.42347189,7.15052287,4.18561814,4.44557437,4.19263762,4.56310859,50.82348692,54.87880415,0.54935397,0.62227161,39.15384881,5.8983303,50.54255972,3.00327757,57.61904181,6.67776297,50.93004784,52.11659604,3.65113261,53.76474049,53.6743276,50.38308183,54.26392265,4.76668746,7.24035577,6.70857249,4.7261193,9.77189919,6.32630056,5.24787992,57.75928572,46.83505397,5.83453406,4.27192693,2.48981121,2.39416539,5.92590043,5.68177686,5.83749015,30.41402506,11.2275768,5.89750524,54.19882472,4.52607014,4.38390131,51.29672815,9.75447482,3.84026654,3.60573729,9.30190181,9.91826451,0.60526343,3.0923678,0.44394238,0.67444663,3.89779081,5.01879549,4.64169777,1.43242393,0.49884681,0.52140519,,,,,,,,,,,,,,,,,,,,,,,,,,
Sequence_26,52.74974607,2.88009088,51.39351567,8.99708842,3.6827335,54.27511484,53.07885547,50.74673064,7.56391205,53.16611095,54.08878817,2.43175728,6.29404754,51.51533179,51.43073275,51.28640126,55.32248169,58.4196619,55.08168249,54.92112424,5.17854228,5.45337028,6.37368017,6.61332443,6.42778696,2.92973443,6.386636,4.02181874,5.87011762,5.87011762,5.78001443,5.46291861,5.91953384,5.14701533,5.79534399,5.73717877,5.81059412,7.31292223,6.83713904,5.23595813,5.78794463,5.34071781,5.90734662,6.88622705,55.30545833,0.09255428,0.3312509,38.5918297,7.40590559,50.1149771,5.77227823,57.61904181,6.3964748,51.02696168,52.04156327,4.69265897,53.8635083,53.39644514,50.51440996,54.0149732,4.31634152,6.56818855,6.70857249,4.54994253,16.26148905,7.86174168,57.54882589,57.52823004,45.11044211,5.83453406,3.57607878,2.16976023,3.98209585,5.92590043,55.7272812,51.99214611,39.35589576,52.91626336,13.88914252,53.88988566,4.54771025,3.80658193,51.21852441,9.73902796,2.78994289,2.88859189,52.45821347,7.87832688,0.14877966,2.05551341,0.38296819,0.139071,2.75107229,3.11873283,3.34091146,1.52091943,0.37458841,0.60876721,0.56716637,,,,,,,,,,,,,,,,,,,,,,,,,
Sequence_25,52.74974607,3.74813004,51.60373428,8.99708842,3.6827335,54.27511484,53.07885547,50.74673064,7.56391205,53.16611095,54.08878817,2.43175728,6.29404754,51.43067539,51.43073275,51.28640126,55.32248169,58.94802005,55.08168249,54.92112424,5.01369933,5.18418748,5.81091404,5.98414349,5.86483631,3.07819395,4.09376245,3.71662555,4.98650211,4.98650211,5.91510668,5.55910554,6.00947226,5.14701533,4.28388993,5.87677884,5.94073576,7.40098519,6.94928885,3.50560465,3.66258855,3.89380551,3.82720499,6.88622705,55.30545833,0.07585444,0.25300359,38.5918297,4.85967805,50.21194122,5.77227823,57.61904181,6.03905685,50.72997922,52.04156327,3.40428541,53.8635083,53.39644514,50.51440996,54.0149732,4.31634152,6.56818855,6.70857249,3.85055132,16.26148905,7.86174168,57.54882589,57.77293754,45.11044211,5.83453406,2.93197819,2.16976023,2.74967761,5.92590043,55.7272812,51.99214611,24.10283815,10.94181177,13.88914252,53.88988566,4.54771025,3.80658193,51.21852441,9.73902796,3.38114731,3.59985224,52.45821347,9.34587241,0.11339996,1.75553761,0.30399583,0.1139077,3.34551846,2.84082124,4.03097309,1.57804848,0.20556607,0.97779919,0.60896962,0.09111611,,,,,,,,,,,,,,,,,,,,,,,,
Sequence_24,48.12548323,4.84723947,2.69813803,8.00187081,5.59943985,52.49941419,3.54579535,3.76484834,4.83023704,4.60634823,47.9299343,15.38254259,8.39925112,52.15611033,47.59371949,5.08456411,54.40622335,53.60855224,53.2464013,52.76879789,4.85924026,5.12445978,4.96020651,5.12777021,5.03702068,4.15073902,7.00729146,6.65847468,3.03957664,3.03957664,6.50841446,3.49904117,3.34490724,3.1262906,5.0994641,6.47061669,6.51863443,6.05256873,7.04672401,7.17719051,7.62078357,6.74639183,6.85559573,47.81215379,53.2545975,4.28130413,4.25397952,50.3357105,5.00433905,45.98441396,20.11580622,55.82941011,3.8855021,10.57798987,48.43252988,3.32553258,15.93987186,15.96672155,17.6543704,51.48610303,3.77231962,3.64724692,52.9131771,6.4756024,4.96935029,3.34060552,11.47187041,47.80314335,42.07013187,6.30846545,2.69821973,3.40511178,4.14953753,6.23450628,53.65596674,45.93137698,5.24273774,10.34155961,31.65346924,12.30504366,3.94100963,3.78471236,19.71704726,9.43172121,0.86688346,0.76077924,43.03538465,54.13427452,3.46390606,2.10124947,4.3485208,4.2935268,0.8159138,3.52011981,0.73654459,2.95166904,4.12913481,4.94981946,4.23784253,3.26877985,3.84921623,,,,,,,,,,,,,,,,,,,,,,,
Sequence_23,47.82646388,4.22124544,2.7291792,8.08952798,4.47830966,52.55289066,3.46901301,4.92009919,7.18774429,3.86542166,45.59479976,46.53557194,8.03677189,52.62538094,48.87143466,47.07939512,54.47808688,54.50942169,53.09186904,53.0101409,4.868453,5.06798218,5.09492092,5.27795164,5.17400637,4.85364506,5.20140695,6.6948521,3.32646314,3.32646314,7.08800412,4.49956343,4.40573512,3.94179007,5.15575625,7.20944674,7.08327983,6.8669246,6.82280265,6.60724392,6.16189799,5.30242305,5.38039123,48.19903303,53.34369292,3.98138868,3.56877534,50.36737092,5.21151909,50.01481334,39.81764493,55.8257469,4.94399348,17.31785467,48.57112927,3.65615211,16.76562575,43.72646411,35.67508648,51.94450381,4.73943056,4.60338109,55.94556081,5.64237784,9.56309374,6.20674665,19.56640314,50.02521039,32.57599439,7.6099722,2.9767993,4.20091902,4.10911817,5.71506301,54.07472834,46.55229037,48.75139096,53.60159575,42.0837937,40.53381851,4.93848016,4.7917833,16.96564399,7.68645436,0.20325168,0.85094664,46.48963889,55.57235037,3.00001302,1.76850864,3.83793172,3.72539078,0.250141,3.53440602,0.28471611,2.65312793,3.56128449,4.45969656,4.10050975,3.35723792,3.59387849,0.85250691,,,,,,,,,,,,,,,,,,,,,,
Sequence_22,48.37606632,5.81757757,4.04643211,8.45027259,6.20873613,52.33291234,5.42103663,6.11978405,7.26896979,8.3779147,48.60052926,20.03843268,9.53464992,18.7594802,47.76651595,7.35649189,54.40491919,16.67530814,53.14081836,52.71375557,4.09181178,4.33091831,3.45786324,3.57210432,3.56253667,3.32100814,6.66220767,6.94794701,5.05279722,5.05279722,7.71518385,4.08275857,4.06842414,3.67714309,5.40825359,7.58823339,7.69799673,6.73956906,7.6837884,7.54085889,7.52626894,6.4177053,5.71921873,48.08743906,53.30892378,3.94143394,3.61130933,50.88799196,5.62398359,46.89262327,26.69109816,55.96190418,4.9508885,11.61055031,48.63984589,3.94357499,17.01811719,36.31529712,22.2391151,51.51515492,5.30539143,7.04759228,44.15973508,6.50012322,9.38074516,5.72795864,14.24181495,48.26929021,43.082118,5.50969646,3.45373136,3.45325137,4.001895,7.43159172,53.74475717,46.32567997,13.43032314,8.24050249,35.60324706,16.37955211,4.91733482,4.76414899,16.31208623,8.97331329,1.4078481,0.89949136,44.44773056,53.44771554,2.98240338,2.20135032,3.57283139,3.07316486,1.28670916,3.90173992,1.11812601,2.66326815,3.41278863,4.86564631,4.19580089,3.38545571,3.58809252,0.81978482,1.32729954,,,,,,,,,,,,,,,,,,,,,
Sequence_21,48.43652472,4.23778529,7.69395423,9.07198221,2.88320464,52.52529839,46.09632452,44.21916677,46.46059128,46.94644374,46.15353542,1.58713848,5.3167897,50.61078656,47.37137224,46.49887685,54.07467176,59.85162085,53.46638668,53.60531219,4.90168193,5.0461808,5.29747279,5.46708321,5.36473084,3.06758173,5.2323483,4.00551889,6.69174542,6.69174542,7.29211796,6.16328974,6.22307567,5.80079597,6.09390452,6.98709446,7.28317385,7.60054781,7.32551259,5.36918315,5.30211983,4.25537431,4.59974788,45.90040233,53.69659944,0.45464062,0.49160924,48.14804235,5.96277628,47.94289496,4.76020998,56.8156661,6.09448977,47.1002356,48.81786766,3.56969845,52.0195509,45.21807022,27.10747995,50.65180311,5.13148482,7.49517332,12.17215546,4.96194739,46.15443306,23.85296169,5.95631667,58.21182164,21.14065511,7.60491126,4.14711965,2.65707848,2.63002476,5.56404676,55.82090077,47.74697975,46.33113734,10.15224537,24.59854743,46.91559255,5.34588766,4.79018542,51.42564947,8.75360297,3.39357701,3.53342976,45.69117465,25.2929213,0.39471218,1.90368126,0.39210002,0.38071677,3.35041002,3.19187138,4.17385347,1.44950665,0.26237941,0.9596379,0.69038008,0.42582249,0.34388537,4.32308066,3.64456621,3.47978612,,,,,,,,,,,,,,,,,,,,
Sequence_20,52.43780963,8.20776682,51.08947242,11.15066871,4.95215892,54.59975055,50.98879964,45.40273568,48.54838748,50.78728915,5.66321669,48.55571067,51.65038131,50.78834311,51.35164845,51.91464896,54.26159068,58.98273195,52.84653336,53.12541878,6.93512658,7.10586865,6.66434564,6.7529536,6.6930824,5.33701752,5.66601065,5.1430496,5.09872385,5.17330792,7.22049003,5.11414957,5.61092644,4.75045476,5.99873655,6.81872151,7.21378092,8.78087378,8.19507411,4.54150884,4.8510433,5.15462862,5.36320231,50.3311588,54.1485052,1.15820231,1.47191551,33.22273321,6.21448289,51.77638895,49.20615702,56.7876414,8.06930931,51.77555548,49.28948462,49.69296689,53.31488606,51.6539631,51.47809268,53.49237437,4.87081677,7.57045676,7.17237652,3.61341625,20.91264566,17.94883988,52.6848088,57.2924366,52.13443138,5.62642804,4.95051244,4.95708947,3.98641496,5.97732921,54.99265594,50.14653108,40.90383658,54.07207664,51.04508996,53.03300095,5.51513969,4.96018105,52.84809563,5.95490192,2.99873436,2.76560293,51.77017059,10.20730951,1.36241345,1.66959269,1.01595423,1.37608685,3.08662066,1.9961335,3.72025887,0.97858915,1.00421072,1.11957178,1.05201366,1.15058812,1.03314649,3.62240053,3.55547234,3.43407596,1.18176919,,,,,,,,,,,,,,,,,,,
Sequence_19,48.40261316,6.07176404,3.88546662,7.91500691,6.42001994,52.35353175,5.86913626,6.54359335,7.52334238,8.72509208,48.81738641,20.03278955,9.07550499,21.31063732,48.02088918,8.09517623,54.38120115,15.65613917,52.91945307,52.53890684,4.68769308,4.93767582,3.97512664,4.11683488,4.07448092,3.81182116,6.57250122,6.53225696,4.26307159,4.26307159,7.80465702,3.63727703,3.62221126,3.49195593,5.27915043,7.67284402,7.78608934,6.83327244,7.77392731,6.90238516,6.88842812,6.09466301,5.39712915,48.12917731,53.32976067,3.95304751,3.46135426,50.92040331,4.9845959,49.97724414,26.4206146,55.93141627,4.98190161,15.93514404,48.61818034,5.73156961,17.16156534,34.33041015,22.24125903,51.53867517,5.48069244,6.78667548,44.23938197,5.66941377,7.8298491,6.05594277,14.32174658,46.17899959,43.28020421,5.12344704,4.16081215,3.72572115,4.65925397,7.68816077,53.52153366,46.47818111,11.61806922,13.54183003,35.40957228,16.18126807,4.61948043,4.96217525,16.22132919,8.95131676,1.63332205,0.95660166,44.55823443,54.50428196,3.00720033,2.16680133,3.40786095,3.0997188,1.51005902,3.25097769,1.37884316,2.06652105,3.48389639,4.95476339,4.41408146,3.56268201,3.76976807,0.89982154,1.43498015,0.27239983,3.72262059,2.76313748,,,,,,,,,,,,,,,,,,
Sequence_18,38.95108977,7.0986062,47.1782656,9.5077274,0.06085905,9.07189879,48.91801037,48.72876486,44.83733995,48.75456427,10.20886161,47.36617052,16.19625296,52.54365128,18.25376602,12.50621295,53.61213483,39.25041206,47.41370262,7.76470788,4.43541491,4.3368621,4.67157762,4.67157762,4.67157762,4.28583982,5.29903806,4.25636977,6.50369351,6.72708871,5.22348427,6.12981575,6.02074067,5.88182129,6.07105936,4.86384951,5.22348427,4.76380115,4.86919202,4.22046344,3.83899143,5.34204392,4.33666761,46.10542921,44.74520258,4.28988203,3.91516389,12.18166171,4.89416158,7.62141381,46.84143596,46.44861175,3.65320206,52.58459135,41.00546083,5.59119004,42.95440345,47.85346863,9.33962314,10.09029798,5.11397948,5.23204203,56.10539984,3.95092182,44.98450224,12.58909198,3.54679977,54.87290594,7.80975272,44.09281522,2.66328487,4.73334876,6.14954715,46.58180453,49.60014005,43.37183704,44.65837245,55.66898064,9.02648895,24.49642566,6.24176084,5.04278178,55.26134536,7.96368343,3.38284844,5.38118893,44.81662921,55.81853245,3.5417488,6.6469799,3.71009782,3.5417488,3.16191516,7.07909825,3.25685881,5.94419509,3.54965596,4.28927972,4.58848367,3.83651529,3.83651529,5.47615288,4.31955079,6.09470722,3.08405495,4.99612015,6.3168406,,,,,,,,,,,,,,,,,
Sequence_17,38.95108977,7.15754674,47.1782656,9.56343586,0.12231282,9.21645082,48.9909033,48.80212127,45.08167475,48.82535916,10.63057076,47.57244936,15.80016658,52.35809631,18.25376602,13.02105377,53.64729381,39.25041206,47.40526859,8.00161439,4.4431084,4.34349246,4.74894138,4.74894138,4.74894138,4.40732681,5.39078087,4.37564082,6.58567918,6.8057281,5.35670679,6.19715064,6.08933558,5.94657738,6.1530759,4.86384951,5.35670679,4.93583083,5.01569834,4.31998647,3.94635202,5.43124311,4.43974514,46.01540065,44.90331256,4.3909149,3.8547036,11.2810871,5.01402325,7.584224,46.55605799,46.44861175,3.73970772,52.5569021,40.41644826,5.54264706,43.17313469,47.73141273,9.33962314,10.09029798,5.06012189,5.40265682,56.10539984,4.06454859,44.68367311,12.58909198,3.48278901,54.87290594,7.8093187,44.09281522,2.77781883,4.7821376,6.27233125,46.58180453,49.5222462,43.35367304,44.34994097,55.18256042,9.08541365,24.49642566,6.21565112,4.99786108,55.26134536,7.96368343,3.54747997,5.51682552,44.47228773,55.85762176,3.66845954,6.66098338,3.84772423,3.66845954,3.32986711,7.12653934,3.42855944,5.9721859,3.68546583,4.21013353,4.66510555,3.95933942,3.95933942,5.59943985,4.47830966,6.20873613,3.21476155,5.05986858,6.42001994,0.06085905,,,,,,,,,,,,,,,,
Sequence_16,48.56113591,9.72182617,48.55888877,6.25137529,5.08286361,9.77688927,47.99342249,48.06826402,?,48.23217749,7.89045398,1.43707446,8.43132307,54.08096579,49.90712575,46.59115637,54.60994269,61.30928034,38.90584198,38.31510922,2.69606267,2.53021916,4.09809073,3.9138944,4.08509301,3.42563742,4.2363163,4.26052809,4.26060854,4.26060854,2.992051,4.18494528,4.59224176,3.95396077,4.65389807,2.48438194,3.08125245,4.2594176,3.60271021,4.17235721,4.80620032,4.70074622,4.49257031,?,33.3191749,3.85376025,4.59161497,52.31726069,4.50399476,48.07448729,48.03702358,54.96233908,5.31884244,48.13065823,48.41059144,48.50024123,54.4979427,47.97154296,30.51800646,56.94415803,0.59539191,8.88069086,6.57850142,5.13505067,49.98072658,3.23907944,49.00154434,57.32855914,49.02848959,8.59172495,5.58859297,4.96306223,5.31268772,5.43135362,38.81488249,?,50.48816626,46.53564068,39.46579709,49.90818792,0.8253093,0.40550126,56.17488256,5.84102042,3.77749388,4.79901073,49.11848941,4.93018862,4.34185445,4.191434,4.90671337,4.5234597,3.69487368,4.77943241,4.01387625,4.62398166,4.62305315,4.10041755,4.34521339,3.85376025,3.85376025,3.5618855,4.4195517,5.00580409,4.04709507,4.7258946,5.28758429,4.96205778,4.905918,,,,,,,,,,,,,,,
Sequence_15,48.86896553,9.81218625,48.87706868,4.94744907,5.03357304,9.95345734,48.25270618,48.32305261,48.22642345,48.4774278,7.88993854,1.43707446,8.56909451,54.13736421,50.08900717,47.09244483,54.58703848,61.73948853,39.77907461,39.27117315,2.04304096,1.87812084,4.06034858,3.86599288,4.04827239,3.52082961,5.00812137,4.41195313,4.59975587,4.59975587,2.25188614,5.24198257,5.51498569,5.0038406,3.56866989,1.73720769,2.34628383,3.68465585,2.74437957,4.25242873,4.88665025,4.85970176,5.23862191,50.50967686,35.22403945,3.76773605,4.53136301,54.80090761,3.57711769,48.33110576,48.2603736,55.2494965,4.92183577,48.47233106,48.66974319,48.86202904,54.61991329,48.29585407,31.44403257,11.17165304,0.81013927,9.00873578,9.92794441,5.31016066,49.97425233,47.55359384,48.92078978,52.22398122,49.18332348,8.006021,5.77725597,4.82132862,5.28004402,5.31252278,39.1055715,60.47594461,50.4474097,46.89347474,40.63592146,50.06961993,1.12969827,0.62935343,52.10247354,6.74939486,4.54830531,5.50532593,49.38299964,6.26714725,4.27032273,4.10447853,4.86466304,4.45525939,4.51251198,4.74308252,4.81203227,4.58043941,4.56293251,4.02770101,4.28811057,3.76773605,3.76773605,4.28239675,5.17943933,5.71877243,3.95628429,4.6887616,5.94588232,5.08621488,5.03357304,0.10334783,,,,,,,,,,,,,,
Sequence_14,48.86896553,9.11335409,49.20720021,4.94744907,5.03357304,9.95345734,48.25270618,48.32305261,48.22642345,48.4774278,7.88993854,1.43707446,8.56909451,43.04470038,50.08900717,47.09244483,54.58703848,60.63631181,39.77907461,39.27117315,2.04304096,1.87812084,4.06034858,3.86599288,4.04827239,3.52082961,5.00812137,4.41195313,4.59975587,4.59975587,2.86297943,3.94880978,4.37440924,4.27536713,3.56866989,2.35667533,2.95290013,4.34597007,3.45330316,4.25242873,4.88665025,4.85970176,5.23862191,50.50967686,35.22403945,3.67268956,4.4659726,54.80090761,3.64935546,48.33110576,48.2603736,55.2494965,4.92183577,48.47233106,48.66974319,48.94395602,54.61991329,48.29585407,31.44403257,11.17165304,1.0559492,9.66275816,10.46110261,5.31016066,49.97425233,47.55359384,48.92078978,52.36185634,49.18332348,7.67817058,5.74663475,4.82132862,5.01055761,4.18262753,39.1055715,60.47594461,50.4474097,46.89347474,40.63592146,50.06961993,1.12969827,0.62935343,52.10247354,6.74939486,4.5282259,5.41908637,49.38299964,6.28983047,4.19181724,4.180837,4.82007277,4.40274514,4.49031188,4.81401664,4.80046737,4.53423735,4.49763173,3.94855656,4.22676784,3.67268956,3.67268956,4.25436767,5.17961638,5.67305997,4.0803309,4.64967426,5.90092099,5.08621488,5.03357304,0.24789531,0.10128352,,,,,,,,,,,,,
Sequence_13,2.51566324,43.21338996,12.37498283,6.45131071,8.20363114,3.15538242,2.56232276,1.78433885,1.98188364,2.46618391,2.49534853,2.34583866,2.32767233,7.62503273,1.44962725,1.63207646,3.82109221,16.00791452,4.51723826,4.36029153,4.10184922,5.00830016,5.87879884,5.71967987,5.63446976,4.06045128,5.05040241,4.20652454,48.24674692,48.24674692,47.52093452,53.90869807,53.84194822,53.6589429,12.65861346,48.11435938,48.85405589,52.56912934,47.06854085,6.18533682,5.55366067,5.34904145,5.73508221,2.9144608,1.94705359,52.04853545,42.2490704,7.39950175,46.77752025,3.35643071,2.79518109,2.47009805,4.40269041,4.94947042,6.36994291,4.05424698,3.81590671,4.06975274,2.37972812,2.73190371,7.96411086,44.57643333,56.26474188,48.53512199,3.59927443,3.56618662,4.35114161,57.42039008,7.43526788,49.78085227,43.77663279,33.69161721,36.08352278,4.97528308,1.84463408,2.33188298,4.95656331,4.09777702,4.40312288,8.02213159,3.82828642,7.7650491,7.48013238,49.2896698,30.89397875,22.86039389,4.45466298,52.84238866,40.7289668,45.45662992,40.38586569,40.7289668,32.60216868,42.72092631,39.79328309,15.10914644,41.7028213,52.25707468,52.29326945,52.04794011,52.04794011,24.40259118,38.0819173,29.35575274,40.62092442,52.85907919,29.76424576,7.98309813,8.14175527,44.95995534,45.61156332,45.61156332,,,,,,,,,,,,
Sequence_12,1.58795603,46.28230068,39.40165371,12.51053543,39.28438264,2.19844333,5.87143938,4.00308964,1.49363117,8.31425562,2.09403662,2.30548341,1.60687715,3.28436145,2.00084475,3.35049295,2.25357571,16.51394771,3.24060012,2.70656946,3.5992395,4.81180207,11.3661238,7.56305055,15.71585873,4.96218516,44.54242824,5.49734003,5.44430164,5.44430164,4.98190611,53.52646277,53.6664494,53.4705105,48.31783239,5.37623773,5.13021014,51.18049361,45.64716139,44.87456728,44.69120396,42.63747434,40.76229969,1.55305937,2.82787768,50.01562893,43.27982062,3.41128973,46.55715287,2.43780944,1.76377724,1.76774731,7.06280489,2.26999708,2.15987309,3.86506245,3.6825201,3.82140215,1.76763264,1.96963897,7.87259959,26.42857971,5.65520051,49.29712796,3.00887138,3.21476577,2.56524713,56.01258876,8.10647209,53.7616842,44.86205298,9.01518351,45.25410464,10.39643293,1.78685324,2.74758173,2.62985037,3.07774647,1.89944672,4.54336155,3.88885442,5.47821179,53.47162675,49.79685697,44.7154568,45.44539143,2.61546769,49.4400657,43.58479818,48.21303275,41.47181185,43.58479818,44.84771157,45.97395236,46.67788805,46.10387002,42.09809641,50.4777731,50.42839716,49.92551929,49.92551929,46.27223642,46.34684185,46.63105356,42.92774995,50.81590446,46.63084253,39.56275904,38.96979881,44.35677199,44.57714448,44.57714448,1.79532459,,,,,,,,,,,
Sequence_11,44.9053259,40.51687446,4.58295189,54.22816014,11.08264633,53.99679705,1.76814187,1.67336219,2.80092525,1.78900828,39.92911168,7.22914208,15.83867743,4.2888206,3.0713205,2.45200335,8.47935064,58.13268739,3.75947892,3.12450906,5.68074414,5.74869707,6.01302944,6.21986354,6.06969495,8.11973325,7.17309172,10.04395634,4.79935891,4.03891223,48.15433824,50.94055591,50.84592119,51.35979851,7.94117085,48.79204547,47.88774736,53.45066495,47.95863545,6.28922938,6.29640145,7.07960989,7.60042406,6.36360839,5.07513288,8.57331518,9.8527614,48.52864472,5.2103954,5.18493302,43.71063613,48.78797673,39.28808538,6.70889473,4.42021868,4.11730164,3.24418431,4.85225618,2.78554743,4.83794783,47.55484836,7.88354819,4.32897448,4.00597468,3.01737308,3.05646924,5.15071099,59.14912799,10.58987547,56.79277448,4.99757602,48.15337169,48.1151855,45.94615503,53.03537759,10.16490568,2.78133961,7.16894632,9.22111326,6.96753817,48.8021452,46.53625582,55.15218216,44.53584078,52.80843313,48.63910812,3.34076783,52.48295384,9.25097021,46.21539432,7.1831605,8.65419078,52.9370837,47.35694281,52.52903601,46.86668493,7.29742315,51.29106376,8.37676802,51.09591957,8.33426557,48.37354728,52.43268247,47.15082805,8.44456034,50.67934762,51.43315078,10.74264311,10.93357306,46.95016045,47.3055195,47.59329365,3.93957614,7.49637889,,,,,,,,,,
Sequence_10,48.80868159,8.63251957,45.31992989,53.88772895,49.12771311,49.33433737,3.22194488,25.96520714,4.97867136,4.93909763,36.76109128,8.05071716,3.05007769,44.2675395,7.08263242,48.90325321,49.81678658,57.97678556,48.7608831,5.0327656,8.28150625,7.86101092,10.31264126,10.35661666,10.17027599,4.86646096,42.67917056,46.96051104,8.28645383,8.41952746,49.76490532,19.90112967,19.75625445,18.98279172,7.8440619,50.05298094,49.57742786,54.72253768,49.59208461,45.0651132,44.90265448,43.16774164,41.5991797,4.90102899,2.3716287,6.43953818,6.63402263,45.89542534,5.67990571,7.34548842,5.58707489,53.82275825,9.75581682,41.13641628,47.9550515,52.03168312,5.02962241,3.15058463,45.64356171,5.58086095,4.0897225,20.76745713,2.44995323,47.65912614,4.38501978,3.66585959,20.00070664,57.58963644,7.80767972,55.23135048,7.74562321,47.70114671,7.61539726,49.18019092,51.48295482,7.53186159,5.35417705,4.61874705,44.09447296,46.15261276,4.42004796,6.6790314,56.14434155,51.01647625,5.78061864,7.58934703,8.23808937,52.71225392,7.25066908,49.5400545,6.24943183,6.65358607,5.51740974,40.64515957,5.91615439,49.06060602,5.68865463,6.34005776,7.07758142,7.68658081,6.26614937,7.04657741,6.28000588,7.7749812,5.4487541,50.87522509,7.7955137,49.20603209,49.02175281,46.98957524,47.16476471,47.58945545,3.5774456,6.00941064,2.58122833,,,,,,,,,
Sequence_9,1.65817498,5.5041231,49.40761258,49.94971552,46.7307828,3.65147055,47.37691373,47.37226563,6.18099273,49.23309132,3.53714987,6.68260877,2.54272988,4.58852033,3.51753869,7.19193648,2.31235822,56.66763658,7.86376995,4.921673,48.69144245,48.4667274,43.67086278,7.2720272,44.74250195,44.39234405,45.44194859,10.71916962,7.2962152,8.68148343,50.04529814,8.06421176,7.66201028,5.76093106,46.8516409,50.3831743,49.69801117,45.03127583,49.72855972,61.2339757,5.69494719,45.14784604,42.78201515,3.54395149,4.0868681,54.1863408,49.91543169,2.9274839,5.19778556,3.06722527,4.27123721,2.57580756,48.27412479,3.36681065,5.06018757,54.48425596,5.38671319,3.80006935,3.10217242,1.96642605,5.45355228,7.87835449,3.9056435,48.5606847,4.33217605,2.3171017,2.74344676,13.34333241,42.97422019,54.65987147,49.50423098,6.50209701,48.27412044,12.11392058,3.36584553,4.68319088,6.33298133,4.37708168,4.29368386,2.87241377,49.39466323,49.29616087,53.19886621,50.90392794,49.02149072,50.68611496,2.32444605,52.78426664,49.80384337,51.00793327,49.96849878,49.80384337,48.60803706,4.88440182,49.91760705,48.60863886,49.98468509,54.831391,54.57765798,54.19821543,54.19821543,50.71724514,50.5291764,51.14051919,50.03128638,53.43511175,51.08140609,46.89145301,46.93062648,49.00751762,48.90648232,48.90648232,4.2284641,2.48319079,44.01881244,5.88557138,,,,,,,,
Sequence_8,3.7661863,49.54073446,46.3099469,52.29004715,7.87844191,3.86995418,50.18802947,8.01158139,4.68820493,49.36907072,3.52551703,3.54210488,4.29267523,5.34667668,2.07620096,2.90712376,4.65915411,11.23924653,4.82266713,4.86221394,7.16956094,7.8774559,3.99194053,4.16472263,4.12836761,46.67313401,8.65688623,48.19779242,49.62358912,49.62358912,11.03928676,53.64811548,53.69554381,53.61808493,50.99799791,11.57351257,11.2799775,11.22739328,11.18456495,5.34878094,5.23016826,48.14015922,7.29736533,3.06500073,9.76343381,17.27410399,12.56196679,2.43352524,9.55434282,3.87719987,49.25363052,5.15437803,8.29803132,5.80701515,43.88445433,2.50335479,4.03894194,4.68155422,2.77247843,2.10690656,45.79567202,49.05443134,9.62889534,10.60589922,49.09067269,5.7773296,9.83052112,5.24331957,48.23721331,10.71385193,44.85752281,47.85886751,50.56908596,9.55067327,3.31879773,3.82572102,49.85454904,55.10045261,6.161284,47.58896032,12.4320749,4.57129311,5.61044544,8.2526467,50.58223377,48.72436716,4.12802725,14.3967632,8.8130581,8.04140147,8.57839452,8.8130581,50.63742682,50.29513093,51.15571756,8.64060737,8.91009462,18.31487972,17.66647645,16.99017289,16.99017289,51.00267576,51.11506266,49.44953505,9.69385455,8.81898183,49.28351042,8.07835876,8.23309722,44.64663869,44.40250186,44.40250186,3.69822676,3.37945326,3.41491912,48.1702806,4.11261582,,,,,,,
Sequence_7,9.43587478,6.1662143,39.40216927,52.72661274,6.59896111,12.30482792,31.86344788,42.59806264,39.89379603,44.66560065,47.81482558,45.39573766,8.09995037,50.61104552,43.49795584,47.0582567,9.41163173,59.87075721,51.45608479,51.44590392,4.33504983,4.48610344,3.97904976,4.06062553,4.13361773,3.792578,4.06970933,4.87553342,5.30839499,5.65620426,6.15222462,6.97733713,6.96302887,6.7383185,4.9519499,6.04299277,6.16875699,6.83729316,6.11780627,3.60478654,3.60803729,4.04742675,3.71448331,43.77108591,51.72058192,3.51129789,3.5706857,15.1671857,5.96713638,46.56590458,44.58379726,55.55265487,5.23804943,45.78928976,45.70450478,52.24067297,52.18750328,22.88747516,8.28913758,50.42590073,4.83448453,7.02231165,26.48941588,4.86661619,48.07660683,6.8471035,44.70874665,56.66558755,47.87286779,6.22057947,4.63386021,6.15661454,4.4876531,4.48866524,51.97664483,45.65700238,10.40283834,6.28843446,9.17736232,5.55479802,5.39595004,4.85335138,54.02833679,7.69210666,5.93011994,5.32693316,41.82937406,50.0963426,3.3755801,5.13806118,3.64106717,3.47324822,5.90703087,5.1315938,6.10736584,5.73405315,3.46477042,4.24004738,3.90516999,3.37865351,3.51129789,6.30464392,6.03347973,4.61961839,2.82749738,5.13760803,5.27603971,6.61751164,6.59896111,3.92276778,3.41178968,2.97877418,41.21788184,42.78231707,9.28443952,44.00245106,45.88569847,13.72469472,,,,,,
Sequence_6,38.86700088,3.51077821,43.32388967,60.44940029,3.74046589,22.69751723,3.95853407,4.0193595,46.80990174,3.95853407,45.60074505,?,19.13852459,20.14685626,47.96416591,49.64594738,48.11300175,59.47521053,45.44572418,45.48936028,2.27764875,2.27764875,3.91629468,3.91629468,3.91629468,3.01568655,1.37759091,3.36889628,1.43773838,1.43773838,5.09922203,2.04201478,1.97938721,2.04201478,3.4578975,5.09922203,5.09922203,5.3157331,4.1932185,4.16868379,2.96661928,1.40366581,1.91750998,45.84152107,6.23668052,4.87003824,4.13998996,49.95500451,4.54513408,34.82678544,25.83331318,37.10632038,3.5807515,?,13.27214625,36.49857492,55.69987646,9.06467149,31.93609705,50.89020092,2.22913536,3.38637494,56.75307471,2.02426042,47.41881197,47.41881197,41.52588816,60.91214701,7.96738124,59.00322325,2.92807631,3.05204177,3.43012619,50.65952508,31.97103129,46.97914437,45.00861603,12.36667592,44.60354659,31.81919034,2.22913536,1.49299734,60.2136411,25.39730453,1.30024656,1.91439618,39.58474396,3.66685882,4.13998996,3.98927259,4.13998996,4.13998996,1.30024656,2.60465624,1.20114808,2.57771239,4.13998996,4.87003824,4.87003824,4.87003824,4.87003824,1.66710006,1.20114808,1.58572848,4.13998996,4.87003824,1.57334612,3.30229874,3.30229874,1.79369114,3.82644271,3.82644271,45.02461155,46.27544506,2.44442278,2.36987232,41.45560887,53.52865207,3.8000561,,,,,
Sequence_5,2.36324154,14.75905424,48.22423851,9.63526806,4.86638676,3.49307384,3.09826404,1.87018643,1.64839463,2.85312153,2.63876739,0.9516998,2.44267249,2.80979625,2.6724523,6.24316435,5.02279634,22.57291002,2.42282327,2.23598826,45.21796247,46.46990979,49.25024176,47.78555463,49.50780824,4.551407,50.5900646,6.98210881,48.17047197,48.17047197,49.44314079,7.49052621,7.50449957,6.68280397,50.06579516,49.31723502,50.76857629,37.32802932,49.22942077,49.37182583,49.31950315,46.19680621,50.08085266,3.05835339,4.11263324,?,46.90037668,2.95717692,51.08555909,3.8411191,2.10196693,2.49662414,8.70412061,3.90553179,3.21907911,2.97881305,4.17714878,3.24401119,1.57313128,1.86570046,47.58804064,4.86463957,53.35960683,49.60210314,1.93992206,1.98848412,1.41665403,14.00680117,40.01652674,52.01158702,48.38582383,5.49504459,45.24110777,21.45195477,1.66938188,3.31885708,1.80872342,5.7741907,2.76728402,2.02283177,63.41221687,48.3210043,14.86102992,51.06927248,44.15921905,19.71164716,3.46272821,53.72182889,46.90037668,31.28313015,7.11969106,46.90037668,44.15921905,46.09186401,28.00517799,46.6207456,46.90037668,61.04747119,5.96733133,?,?,9.2644495,28.00517799,15.65420236,46.90037668,51.95168682,15.4813911,5.02594702,5.02594702,47.69831618,47.56310818,47.56310818,3.28814783,1.44205474,3.5556093,47.47990321,2.49369255,3.43316611,43.32900899,43.85253187,,,,
Sequence_4,3.51588348,9.09463367,2.2835786,6.05632724,44.51821278,10.56942504,4.44134302,4.29269053,4.53274818,5.51525155,5.39076098,2.45983478,4.958161,2.32322814,3.4724628,4.08421056,51.25928377,8.87339539,3.44846548,4.99284774,48.20533433,48.63391012,54.23728849,54.15851545,54.14043632,46.57881058,49.73398468,3.67883811,46.28468885,46.28468885,49.85215353,3.40533742,3.84918774,3.2955774,50.14012599,50.3445573,50.84369592,54.87779514,49.79977372,49.48248347,49.43965838,47.83571539,49.23373868,3.21632666,3.07508058,13.29088162,45.46755741,1.79090191,48.81594924,4.08489751,3.89375947,3.63082275,48.92027418,5.87216639,3.14302258,3.11002261,2.54732699,3.71127513,2.21335191,2.18642417,55.82432669,4.03456728,2.21008713,47.7988486,0.05176395,1.27871682,4.50841157,9.84372184,45.20798506,11.48438893,35.20550515,45.82574024,47.13027798,50.94011983,2.00428393,3.51676001,1.81194525,41.43907648,4.56059198,2.61819836,?,50.83513195,14.53035605,49.93727204,46.09896592,40.80068955,4.60270931,4.10764357,46.36646198,11.77873883,45.61747369,46.36646198,45.9453625,46.06205234,9.52831814,48.40171803,46.02156862,10.45827668,9.62959262,15.45933286,15.45933286,5.17043272,9.52464514,9.35040413,45.58680885,19.96360087,7.87637589,44.31737504,43.96115288,49.92989385,49.73091393,49.73091393,3.3557033,3.1753264,2.82029475,4.1482667,4.8170104,48.43228724,47.74312808,47.41881197,1.93992206,,,
Sequence_3,42.13976412,8.41827097,46.08886185,9.8456764,5.06863236,52.06408843,9.94021435,7.09563197,47.25678491,4.64403817,11.04669867,3.75141364,48.34371595,51.70530873,13.30058945,47.24304772,50.71979334,59.24745168,52.56998141,51.84205467,4.37689347,4.52356014,5.05440616,5.125553,5.09241888,4.47764217,5.95261805,6.36706868,6.14114967,5.74536351,6.95312367,7.71817354,7.69587407,7.7726945,5.37183204,5.49308493,7.25993768,5.68473092,6.76778301,6.29724979,6.23016203,6.32858996,6.81527611,45.61053618,50.32682796,8.04962532,8.85953858,48.66755398,7.39100451,48.59304453,7.45808219,53.13035395,5.02826175,44.91384884,43.08982979,52.95547195,51.56779913,50.08561892,48.74329953,6.50979958,8.11264942,7.43070016,52.37113522,4.14104517,50.50094343,51.33496006,44.82987756,24.2361947,16.47318329,56.46865223,4.16887132,7.44741254,7.16698425,4.7172065,52.66288144,7.0574332,10.65687131,50.04911797,48.345653,49.06169043,7.92458765,8.4513746,32.92139452,5.63815305,7.95119282,7.90547186,47.00931117,53.47670645,8.41571331,8.06833184,8.29280886,8.6784072,8.11513342,7.82238554,8.43751602,8.64253037,8.83023524,5.86230954,5.63680431,8.06499297,8.26377024,8.19956853,7.76328641,7.11545303,6.13458578,7.57392793,6.79289123,5.20084676,5.25012784,6.49205912,6.3299695,6.55282993,9.09019016,50.10924638,7.73537295,10.42025929,49.7131259,8.21217699,5.41480432,1.26941852,46.43533953,50.3585925,,
Sequence_2,3.63515316,2.15302185,3.77624251,55.20438067,4.0168594,12.99110864,7.96066608,7.54304955,42.6813278,7.51423141,42.84844407,?,2.63046239,7.44250282,45.83700586,47.84803014,46.12870117,56.88591007,27.91028,43.42041147,5.23055112,5.23055112,3.87346863,3.87346863,3.87346863,3.68704096,3.33703558,2.29257425,2.80844751,2.80844751,3.94837613,4.9911407,4.78112224,4.9911407,3.28442518,3.94837613,3.94837613,5.1262262,3.74330069,3.69467179,3.30921549,2.74897286,3.69686494,44.3714967,2.44588163,4.93630367,4.34059991,48.607494,4.7376572,3.26416037,3.10184444,3.19305792,2.26066755,5.28524189,3.14491293,11.36375018,5.71607753,3.96640223,16.80482371,48.25601451,3.0715802,1.07307787,2.48393821,4.34835122,37.32706124,37.32706124,22.69356751,57.53739032,4.01814775,51.40278722,5.39098304,3.91085859,1.8992024,49.26910248,3.32404466,44.27010976,36.15245517,2.84578457,40.72065792,6.20777333,3.0715802,5.10940107,54.24323922,50.90339519,2.50813127,3.33866059,25.59405364,56.29851542,4.34059991,4.38102772,4.34059991,4.34059991,2.50813127,1.24745626,2.59608131,3.26543554,4.34059991,4.93630367,4.93630367,4.93630367,4.93630367,2.5274738,2.59608131,3.49073669,4.34059991,4.93630367,3.34967283,3.96172329,3.96172329,5.56153586,5.79381363,5.79381363,3.87877834,43.55408099,8.08944695,5.87068126,6.47971579,51.3045369,3.62002172,2.75206972,27.28480962,37.32706124,4.70249464,
