class,A,R,N,D,C,Q,E,G,H,I,L,K,M,F,P,S,T,W,Y,V
positive,0.2,0.0,0.0,0.0,0.2,0.0,0.0,0.0,0.0,0.2,0.0,0.0,0.2,0.2,0.0,0.0,0.0,0.0,0.0,0.0
positive,0.0,0.0,0.14285714285714285,0.0,0.0,0.0,0.0,0.0,0.0,0.14285714285714285,0.0,0.0,0.0,0.14285714285714285,0.14285714285714285,0.14285714285714285,0.14285714285714285,0.0,0.14285714285714285,0.0
positive,0.0,0.0,0.0,0.2,0.2,0.0,0.0,0.0,0.0,0.2,0.0,0.0,0.0,0.4,0.0,0.0,0.0,0.0,0.0,0.0
positive,0.0,0.0,0.0,0.0,0.2,0.0,0.0,0.4,0.0,0.0,0.2,0.0,0.0,0.2,0.0,0.0,0.0,0.0,0.0,0.0
positive,0.0,0.0,0.0,0.0,0.2,0.0,0.0,0.2,0.0,0.0,0.2,0.0,0.0,0.2,0.0,0.2,0.0,0.0,0.0,0.0
positive,0.0,0.0,0.0,0.0,0.2,0.0,0.0,0.2,0.0,0.0,0.2,0.0,0.0,0.2,0.0,0.2,0.0,0.0,0.0,0.0
positive,0.0,0.0,0.14285714285714285,0.0,0.0,0.0,0.0,0.0,0.0,0.0,0.0,0.0,0.0,0.14285714285714285,0.14285714285714285,0.14285714285714285,0.14285714285714285,0.14285714285714285,0.14285714285714285,0.0
positive,0.0,0.0,0.2,0.0,0.0,0.1,0.0,0.1,0.0,0.1,0.0,0.0,0.1,0.1,0.1,0.1,0.0,0.1,0.0,0.0
positive,0.0,0.0,0.1111111111111111,0.0,0.0,0.1111111111111111,0.0,0.1111111111111111,0.0,0.1111111111111111,0.0,0.0,0.1111111111111111,0.1111111111111111,0.1111111111111111,0.1111111111111111,0.0,0.1111111111111111,0.0,0.0
positive,0.14285714285714285,0.0,0.0,0.14285714285714285,0.0,0.0,0.14285714285714285,0.0,0.0,0.0,0.14285714285714285,0.0,0.0,0.2857142857142857,0.14285714285714285,0.0,0.0,0.0,0.0,0.0
positive,0.08,0.0,0.08,0.0,0.08,0.04,0.04,0.08,0.0,0.0,0.08,0.16,0.0,0.08,0.08,0.08,0.04,0.0,0.0,0.08
positive,0.08333333333333333,0.0,0.0,0.0,0.08333333333333333,0.041666666666666664,0.0,0.08333333333333333,0.0,0.041666666666666664,0.0,0.20833333333333334,0.0,0.125,0.08333333333333333,0.16666666666666666,0.041666666666666664,0.0,0.0,0.041666666666666664
positive,0.2857142857142857,0.0,0.0,0.0,0.0,0.0,0.0,0.0,0.0,0.2857142857142857,0.14285714285714285,0.0,0.0,0.14285714285714285,0.0,0.14285714285714285,0.0,0.0,0.0,0.0
positive,0.14285714285714285,0.0,0.0,0.0,0.0,0.0,0.0,0.0,0.0,0.42857142857142855,0.14285714285714285,0.0,0.0,0.14285714285714285,0.0,0.0,0.14285714285714285,0.0,0.0,0.0
positive,0.2,0.0,0.0,0.2,0.0,0.0,0.2,0.0,0.2,0.0,0.0,0.2,0.0,0.0,0.0,0.0,0.0,0.0,0.0,0.0
positive,0.2,0.0,0.0,0.0,0.0,0.2,0.0,0.0,0.0,0.0,0.0,0.2,0.0,0.0,0.0,0.0,0.2,0.0,0.0,0.2
positive,0.125,0.0,0.0,0.0,0.0,0.0,0.0,0.0,0.0,0.125,0.375,0.0,0.0,0.0,0.0,0.125,0.125,0.0,0.0,0.125
positive,0.2,0.2,0.2,0.0,0.0,0.2,0.0,0.0,0.0,0.0,0.0,0.0,0.0,0.0,0.0,0.0,0.2,0.0,0.0,0.0
positive,0.0,0.0,0.8,0.0,0.0,0.0,0.0,0.0,0.0,0.0,0.0,0.0,0.0,0.0,0.0,0.0,0.0,0.2,0.0,0.0
positive,0.2222222222222222,0.0,0.1111111111111111,0.0,0.1111111111111111,0.0,0.0,0.0,0.0,0.0,0.1111111111111111,0.0,0.0,0.1111111111111111,0.0,0.2222222222222222,0.0,0.0,0.0,0.1111111111111111
positive,0.0,0.0,0.0,0.0,0.2,0.0,0.0,0.2,0.0,0.2,0.0,0.0,0.0,0.0,0.0,0.0,0.0,0.2,0.0,0.2
positive,0.1,0.1,0.0,0.2,0.0,0.1,0.0,0.1,0.0,0.1,0.0,0.0,0.0,0.0,0.1,0.0,0.1,0.1,0.0,0.0
positive,0.21428571428571427,0.0,0.0,0.0,0.0,0.0,0.07142857142857142,0.2857142857142857,0.0,0.07142857142857142,0.14285714285714285,0.0,0.0,0.07142857142857142,0.07142857142857142,0.0,0.0,0.0,0.0,0.07142857142857142
positive,0.0,0.0,0.1,0.0,0.2,0.0,0.0,0.0,0.0,0.0,0.1,0.2,0.0,0.2,0.0,0.1,0.0,0.0,0.0,0.1
positive,0.14285714285714285,0.0,0.14285714285714285,0.14285714285714285,0.14285714285714285,0.0,0.0,0.0,0.0,0.14285714285714285,0.0,0.0,0.0,0.14285714285714285,0.0,0.0,0.0,0.0,0.14285714285714285,0.0
positive,0.0,0.21052631578947367,0.10526315789473684,0.10526315789473684,0.0,0.0,0.0,0.0,0.05263157894736842,0.21052631578947367,0.05263157894736842,0.10526315789473684,0.0,0.05263157894736842,0.0,0.05263157894736842,0.0,0.05263157894736842,0.0,0.0
positive,0.0,0.11764705882352941,0.058823529411764705,0.058823529411764705,0.0,0.0,0.0,0.0,0.058823529411764705,0.0,0.11764705882352941,0.17647058823529413,0.0,0.17647058823529413,0.058823529411764705,0.058823529411764705,0.058823529411764705,0.0,0.058823529411764705,0.0
positive,0.0,0.13333333333333333,0.06666666666666667,0.06666666666666667,0.0,0.0,0.0,0.2,0.0,0.06666666666666667,0.06666666666666667,0.0,0.0,0.06666666666666667,0.13333333333333333,0.0,0.0,0.13333333333333333,0.0,0.06666666666666667
positive,0.0,0.07142857142857142,0.07142857142857142,0.07142857142857142,0.0,0.0,0.0,0.0,0.0,0.14285714285714285,0.14285714285714285,0.35714285714285715,0.0,0.14285714285714285,0.0,0.0,0.0,0.0,0.0,0.0
positive,0.0,0.0,0.14285714285714285,0.14285714285714285,0.14285714285714285,0.0,0.0,0.14285714285714285,0.0,0.0,0.0,0.0,0.14285714285714285,0.14285714285714285,0.0,0.0,0.0,0.0,0.14285714285714285,0.0
positive,0.0,0.17647058823529413,0.0,0.11764705882352941,0.0,0.0,0.0,0.23529411764705882,0.0,0.17647058823529413,0.058823529411764705,0.11764705882352941,0.0,0.058823529411764705,0.058823529411764705,0.0,0.0,0.0,0.0,0.0
positive,0.2,0.2,0.0,0.2,0.0,0.0,0.0,0.2,0.0,0.0,0.0,0.0,0.0,0.0,0.0,0.0,0.0,0.0,0.0,0.2
positive,0.125,0.0,0.0,0.125,0.125,0.0,0.0,0.125,0.125,0.125,0.125,0.0,0.0,0.0,0.0,0.125,0.0,0.0,0.0,0.0
positive,0.25,0.0,0.0,0.125,0.125,0.0,0.0,0.125,0.0,0.0,0.0,0.0,0.0,0.125,0.0,0.125,0.0,0.0,0.0,0.125
positive,0.125,0.0,0.0,0.125,0.125,0.0,0.0,0.125,0.0,0.0,0.0,0.0,0.0,0.125,0.0,0.125,0.0,0.0,0.125,0.125
positive,0.25,0.0,0.0,0.125,0.125,0.0,0.0,0.0,0.0,0.0,0.0,0.0,0.0,0.0,0.0,0.25,0.0,0.0,0.125,0.125
positive,0.125,0.0,0.0,0.125,0.125,0.0,0.0,0.125,0.0,0.125,0.0,0.0,0.0,0.0,0.0,0.125,0.0,0.0,0.0,0.25
positive,0.125,0.0,0.0,0.125,0.125,0.0,0.0,0.0,0.0,0.0,0.0,0.0,0.0,0.125,0.0,0.25,0.0,0.0,0.125,0.125
positive,0.0,0.0,0.0,0.0,0.16666666666666666,0.0,0.0,0.0,0.0,0.0,0.3333333333333333,0.0,0.0,0.0,0.0,0.0,0.16666666666666666,0.0,0.0,0.3333333333333333
positive,0.0,0.23529411764705882,0.058823529411764705,0.058823529411764705,0.0,0.0,0.058823529411764705,0.0,0.0,0.17647058823529413,0.058823529411764705,0.058823529411764705,0.0,0.058823529411764705,0.058823529411764705,0.058823529411764705,0.058823529411764705,0.058823529411764705,0.0,0.0
positive,0.0,0.0,0.0,0.0,0.0,0.0,0.2,0.2,0.0,0.2,0.0,0.2,0.2,0.0,0.0,0.0,0.0,0.0,0.0,0.0
positive,0.0,0.17647058823529413,0.0,0.058823529411764705,0.0,0.0,0.058823529411764705,0.0,0.0,0.17647058823529413,0.17647058823529413,0.11764705882352941,0.058823529411764705,0.11764705882352941,0.0,0.058823529411764705,0.0,0.0,0.0,0.0
positive,0.0,0.1875,0.1875,0.0,0.0,0.0,0.0625,0.0,0.0625,0.0625,0.0625,0.0625,0.0625,0.1875,0.0,0.0625,0.0,0.0,0.0,0.0
positive,0.0,0.17647058823529413,0.0,0.058823529411764705,0.0,0.0,0.058823529411764705,0.0,0.0,0.11764705882352941,0.11764705882352941,0.17647058823529413,0.058823529411764705,0.11764705882352941,0.11764705882352941,0.0,0.0,0.0,0.0,0.0
positive,0.0,0.17647058823529413,0.0,0.058823529411764705,0.0,0.058823529411764705,0.058823529411764705,0.0,0.0,0.058823529411764705,0.11764705882352941,0.17647058823529413,0.058823529411764705,0.17647058823529413,0.0,0.058823529411764705,0.0,0.0,0.0,0.0
positive,0.0,0.07142857142857142,0.0,0.0,0.07142857142857142,0.07142857142857142,0.03571428571428571,0.07142857142857142,0.0,0.10714285714285714,0.14285714285714285,0.0,0.0,0.10714285714285714,0.0,0.10714285714285714,0.10714285714285714,0.03571428571428571,0.07142857142857142,0.0
positive,0.0,0.2,0.0,0.0,0.0,0.0,0.2,0.2,0.0,0.0,0.0,0.0,0.2,0.0,0.0,0.0,0.2,0.0,0.0,0.0
positive,0.0,0.2,0.4,0.0,0.0,0.0,0.2,0.0,0.0,0.0,0.0,0.0,0.0,0.0,0.0,0.0,0.2,0.0,0.0,0.0
positive,0.0,0.2,0.0,0.0,0.0,0.0,0.2,0.2,0.0,0.0,0.0,0.0,0.0,0.0,0.2,0.0,0.0,0.0,0.0,0.2
positive,0.0,0.11764705882352941,0.0,0.058823529411764705,0.0,0.0,0.058823529411764705,0.0,0.0,0.058823529411764705,0.29411764705882354,0.17647058823529413,0.0,0.11764705882352941,0.058823529411764705,0.058823529411764705,0.0,0.0,0.0,0.0
positive,0.0,0.17647058823529413,0.0,0.058823529411764705,0.0,0.0,0.058823529411764705,0.0,0.0,0.11764705882352941,0.058823529411764705,0.17647058823529413,0.0,0.17647058823529413,0.11764705882352941,0.058823529411764705,0.0,0.0,0.0,0.0
positive,0.0,0.17647058823529413,0.0,0.058823529411764705,0.0,0.058823529411764705,0.058823529411764705,0.0,0.0,0.11764705882352941,0.11764705882352941,0.11764705882352941,0.0,0.11764705882352941,0.0,0.11764705882352941,0.0,0.0,0.0,0.058823529411764705
positive,0.08333333333333333,0.0625,0.08333333333333333,0.0,0.041666666666666664,0.041666666666666664,0.020833333333333332,0.16666666666666666,0.0,0.041666666666666664,0.0,0.041666666666666664,0.0,0.041666666666666664,0.020833333333333332,0.14583333333333334,0.041666666666666664,0.020833333333333332,0.041666666666666664,0.10416666666666667
positive,0.0,0.1111111111111111,0.0,0.2222222222222222,0.0,0.1111111111111111,0.0,0.1111111111111111,0.0,0.1111111111111111,0.0,0.0,0.0,0.0,0.1111111111111111,0.0,0.1111111111111111,0.1111111111111111,0.0,0.0
positive,0.0,0.125,0.0,0.125,0.0,0.0,0.0,0.125,0.0,0.0625,0.0625,0.125,0.0625,0.1875,0.0,0.125,0.0,0.0,0.0,0.0
positive,0.0,0.1875,0.125,0.0,0.0,0.0625,0.0625,0.0,0.0625,0.125,0.0,0.0625,0.0,0.25,0.0,0.0,0.0625,0.0,0.0,0.0
positive,0.0625,0.25,0.0625,0.0625,0.0,0.0,0.0625,0.0625,0.0,0.0,0.125,0.0625,0.0625,0.125,0.0625,0.0,0.0,0.0,0.0,0.0
positive,0.0,0.11764705882352941,0.0,0.11764705882352941,0.0,0.058823529411764705,0.058823529411764705,0.0,0.0,0.11764705882352941,0.17647058823529413,0.11764705882352941,0.0,0.11764705882352941,0.0,0.11764705882352941,0.0,0.0,0.0,0.0
positive,0.05263157894736842,0.0,0.10526315789473684,0.0,0.10526315789473684,0.0,0.05263157894736842,0.05263157894736842,0.0,0.0,0.10526315789473684,0.15789473684210525,0.0,0.10526315789473684,0.05263157894736842,0.10526315789473684,0.0,0.0,0.0,0.10526315789473684
positive,0.0,0.0,0.0,0.0,0.0,0.16666666666666666,0.16666666666666666,0.16666666666666666,0.0,0.16666666666666666,0.0,0.0,0.0,0.16666666666666666,0.0,0.0,0.0,0.16666666666666666,0.0,0.0
positive,0.0,0.0,0.0,0.2,0.0,0.0,0.0,0.0,0.0,0.0,0.2,0.2,0.0,0.0,0.0,0.0,0.0,0.2,0.2,0.0
positive,0.0,0.0,0.0,0.0,0.14285714285714285,0.0,0.0,0.0,0.0,0.0,0.2857142857142857,0.14285714285714285,0.0,0.0,0.0,0.0,0.14285714285714285,0.0,0.0,0.2857142857142857
positive,0.0,0.0,0.0,0.2,0.0,0.0,0.0,0.0,0.2,0.0,0.0,0.0,0.2,0.0,0.0,0.0,0.0,0.2,0.2,0.0
positive,0.0,0.0,0.0,0.0,0.2,0.0,0.0,0.0,0.0,0.0,0.2,0.0,0.0,0.2,0.0,0.4,0.0,0.0,0.0,0.0
positive,0.2857142857142857,0.0,0.03571428571428571,0.0,0.0,0.0,0.0,0.10714285714285714,0.07142857142857142,0.10714285714285714,0.07142857142857142,0.10714285714285714,0.07142857142857142,0.0,0.03571428571428571,0.03571428571428571,0.0,0.0,0.0,0.03571428571428571
positive,0.0,0.0,0.18181818181818182,0.0,0.09090909090909091,0.18181818181818182,0.0,0.09090909090909091,0.0,0.09090909090909091,0.0,0.0,0.09090909090909091,0.09090909090909091,0.09090909090909091,0.0,0.0,0.09090909090909091,0.0,0.0
positive,0.0,0.0,0.18181818181818182,0.0,0.0,0.18181818181818182,0.0,0.09090909090909091,0.09090909090909091,0.09090909090909091,0.0,0.0,0.09090909090909091,0.09090909090909091,0.09090909090909091,0.0,0.0,0.09090909090909091,0.0,0.0
positive,0.047619047619047616,0.09523809523809523,0.047619047619047616,0.0,0.0,0.09523809523809523,0.0,0.09523809523809523,0.0,0.0,0.14285714285714285,0.047619047619047616,0.0,0.14285714285714285,0.0,0.19047619047619047,0.09523809523809523,0.0,0.0,0.0
positive,0.09523809523809523,0.0,0.047619047619047616,0.047619047619047616,0.19047619047619047,0.0,0.0,0.19047619047619047,0.0,0.047619047619047616,0.047619047619047616,0.0,0.0,0.09523809523809523,0.0,0.047619047619047616,0.0,0.047619047619047616,0.047619047619047616,0.09523809523809523
positive,0.04,0.0,0.12,0.0,0.08,0.04,0.04,0.04,0.0,0.08,0.08,0.12,0.0,0.08,0.0,0.16,0.04,0.0,0.0,0.08
positive,0.0,0.0,0.13333333333333333,0.0,0.13333333333333333,0.0,0.06666666666666667,0.0,0.0,0.0,0.13333333333333333,0.13333333333333333,0.0,0.13333333333333333,0.0,0.13333333333333333,0.0,0.0,0.0,0.13333333333333333
positive,0.0,0.043478260869565216,0.0,0.0,0.13043478260869565,0.0,0.0,0.08695652173913043,0.0,0.0,0.08695652173913043,0.08695652173913043,0.0,0.043478260869565216,0.043478260869565216,0.08695652173913043,0.17391304347826086,0.043478260869565216,0.043478260869565216,0.13043478260869565
positive,0.28,0.0,0.04,0.0,0.0,0.08,0.04,0.08,0.0,0.04,0.16,0.12,0.0,0.04,0.04,0.0,0.0,0.04,0.0,0.04
positive,0.0,0.0,0.25,0.0,0.0,0.0,0.0,0.125,0.0,0.0,0.0,0.0,0.0,0.0,0.125,0.125,0.125,0.125,0.0,0.125
positive,0.07407407407407407,0.0,0.037037037037037035,0.1111111111111111,0.0,0.037037037037037035,0.0,0.14814814814814814,0.037037037037037035,0.1111111111111111,0.037037037037037035,0.07407407407407407,0.0,0.1111111111111111,0.07407407407407407,0.037037037037037035,0.037037037037037035,0.0,0.0,0.07407407407407407
positive,0.0,0.0,0.14285714285714285,0.0,0.0,0.0,0.0,0.0,0.0,0.14285714285714285,0.0,0.14285714285714285,0.0,0.14285714285714285,0.14285714285714285,0.0,0.14285714285714285,0.0,0.14285714285714285,0.0
positive,0.0,0.0,0.16666666666666666,0.0,0.0,0.0,0.0,0.0,0.0,0.16666666666666666,0.0,0.16666666666666666,0.0,0.0,0.16666666666666666,0.0,0.16666666666666666,0.0,0.16666666666666666,0.0
positive,0.0,0.0,0.125,0.0,0.125,0.0,0.0,0.0,0.0,0.0,0.0,0.0,0.0,0.25,0.125,0.125,0.125,0.0,0.125,0.0
positive,0.0,0.0,0.14285714285714285,0.0,0.14285714285714285,0.0,0.0,0.0,0.0,0.0,0.0,0.0,0.0,0.14285714285714285,0.14285714285714285,0.14285714285714285,0.14285714285714285,0.0,0.14285714285714285,0.0
positive,0.0,0.0,0.2222222222222222,0.0,0.0,0.0,0.0,0.1111111111111111,0.0,0.0,0.0,0.0,0.0,0.0,0.1111111111111111,0.1111111111111111,0.1111111111111111,0.1111111111111111,0.1111111111111111,0.1111111111111111
positive,0.16666666666666666,0.0,0.0,0.0,0.0,0.16666666666666666,0.0,0.16666666666666666,0.0,0.16666666666666666,0.0,0.0,0.0,0.16666666666666666,0.0,0.0,0.0,0.16666666666666666,0.0,0.0
positive,0.16666666666666666,0.0,0.0,0.0,0.0,0.16666666666666666,0.16666666666666666,0.0,0.0,0.16666666666666666,0.0,0.0,0.0,0.16666666666666666,0.0,0.0,0.0,0.16666666666666666,0.0,0.0
positive,0.14285714285714285,0.0,0.0,0.0,0.0,0.14285714285714285,0.14285714285714285,0.14285714285714285,0.0,0.14285714285714285,0.0,0.0,0.0,0.14285714285714285,0.0,0.0,0.0,0.14285714285714285,0.0,0.0
positive,0.08333333333333333,0.0,0.0,0.0,0.0,0.08333333333333333,0.0,0.0,0.16666666666666666,0.0,0.0,0.0,0.0,0.16666666666666666,0.08333333333333333,0.16666666666666666,0.08333333333333333,0.16666666666666666,0.0,0.0
positive,0.0,0.0,0.0,0.0,0.0,0.0,0.0,0.125,0.0,0.0,0.25,0.0,0.125,0.25,0.0,0.125,0.0,0.0,0.0,0.125
positive,0.1111111111111111,0.0,0.0,0.0,0.1111111111111111,0.0,0.0,0.3333333333333333,0.0,0.0,0.0,0.1111111111111111,0.0,0.2222222222222222,0.1111111111111111,0.0,0.0,0.0,0.0,0.0
positive,0.2222222222222222,0.0,0.1111111111111111,0.0,0.1111111111111111,0.0,0.0,0.1111111111111111,0.0,0.0,0.1111111111111111,0.0,0.0,0.0,0.1111111111111111,0.0,0.0,0.0,0.2222222222222222,0.0
positive,0.1111111111111111,0.0,0.1111111111111111,0.0,0.1111111111111111,0.0,0.0,0.1111111111111111,0.0,0.0,0.1111111111111111,0.0,0.0,0.0,0.1111111111111111,0.0,0.0,0.0,0.2222222222222222,0.0
positive,0.0,0.0,0.18181818181818182,0.0,0.0,0.18181818181818182,0.0,0.09090909090909091,0.0,0.09090909090909091,0.0,0.0,0.09090909090909091,0.09090909090909091,0.09090909090909091,0.09090909090909091,0.0,0.09090909090909091,0.0,0.0
positive,0.1111111111111111,0.0,0.0,0.0,0.1111111111111111,0.0,0.0,0.2222222222222222,0.0,0.0,0.0,0.1111111111111111,0.0,0.1111111111111111,0.0,0.1111111111111111,0.0,0.0,0.1111111111111111,0.1111111111111111
positive,0.2,0.0,0.0,0.0,0.0,0.0,0.2,0.2,0.0,0.0,0.0,0.2,0.0,0.2,0.0,0.0,0.0,0.0,0.0,0.0
positive,0.05555555555555555,0.0,0.0,0.0,0.1111111111111111,0.0,0.0,0.05555555555555555,0.0,0.05555555555555555,0.0,0.2222222222222222,0.0,0.16666666666666666,0.0,0.2222222222222222,0.05555555555555555,0.0,0.0,0.05555555555555555
positive,0.0,0.0,0.1111111111111111,0.037037037037037035,0.0,0.037037037037037035,0.037037037037037035,0.07407407407407407,0.1111111111111111,0.14814814814814814,0.18518518518518517,0.07407407407407407,0.0,0.0,0.037037037037037035,0.037037037037037035,0.037037037037037035,0.037037037037037035,0.037037037037037035,0.0
positive,0.05555555555555555,0.05555555555555555,0.1111111111111111,0.05555555555555555,0.0,0.0,0.05555555555555555,0.05555555555555555,0.05555555555555555,0.1111111111111111,0.16666666666666666,0.0,0.0,0.0,0.0,0.0,0.05555555555555555,0.05555555555555555,0.16666666666666666,0.0
positive,0.0,0.0,0.6,0.0,0.0,0.0,0.0,0.2,0.0,0.0,0.0,0.0,0.0,0.0,0.0,0.0,0.0,0.2,0.0,0.0
positive,0.05,0.1,0.05,0.0,0.0,0.05,0.0,0.1,0.0,0.0,0.15,0.05,0.0,0.2,0.0,0.15,0.1,0.0,0.0,0.0
positive,0.043478260869565216,0.13043478260869565,0.043478260869565216,0.0,0.0,0.08695652173913043,0.0,0.043478260869565216,0.0,0.043478260869565216,0.0,0.08695652173913043,0.0,0.13043478260869565,0.043478260869565216,0.17391304347826086,0.0,0.043478260869565216,0.043478260869565216,0.08695652173913043
positive,0.2222222222222222,0.0,0.0,0.0,0.1111111111111111,0.0,0.0,0.1111111111111111,0.0,0.0,0.1111111111111111,0.0,0.0,0.1111111111111111,0.0,0.2222222222222222,0.0,0.0,0.0,0.1111111111111111
positive,0.1111111111111111,0.0,0.1111111111111111,0.0,0.1111111111111111,0.0,0.0,0.1111111111111111,0.0,0.0,0.1111111111111111,0.0,0.0,0.1111111111111111,0.0,0.2222222222222222,0.0,0.0,0.0,0.1111111111111111
positive,0.1111111111111111,0.0,0.1111111111111111,0.0,0.0,0.0,0.0,0.1111111111111111,0.0,0.0,0.1111111111111111,0.0,0.0,0.1111111111111111,0.0,0.3333333333333333,0.0,0.0,0.0,0.1111111111111111
positive,0.0,0.0,0.1111111111111111,0.0,0.1111111111111111,0.0,0.0,0.3333333333333333,0.0,0.0,0.0,0.0,0.0,0.1111111111111111,0.1111111111111111,0.0,0.0,0.1111111111111111,0.0,0.1111111111111111
positive,0.0,0.0,0.0,0.0,0.125,0.0,0.0,0.125,0.0,0.0,0.25,0.125,0.0,0.0,0.0,0.0,0.125,0.0,0.0,0.25
positive,0.037037037037037035,0.0,0.0,0.0,0.0,0.037037037037037035,0.14814814814814814,0.037037037037037035,0.037037037037037035,0.1111111111111111,0.2222222222222222,0.1111111111111111,0.0,0.037037037037037035,0.037037037037037035,0.037037037037037035,0.07407407407407407,0.07407407407407407,0.0,0.0
positive,0.0,0.1111111111111111,0.1111111111111111,0.0,0.1111111111111111,0.0,0.0,0.1111111111111111,0.0,0.0,0.0,0.0,0.0,0.1111111111111111,0.0,0.0,0.2222222222222222,0.0,0.2222222222222222,0.0
positive,0.0,0.0,0.0,0.0,0.1111111111111111,0.0,0.0,0.1111111111111111,0.0,0.0,0.0,0.0,0.0,0.1111111111111111,0.0,0.2222222222222222,0.1111111111111111,0.0,0.3333333333333333,0.0
positive,0.125,0.0,0.0,0.125,0.125,0.0,0.0,0.0,0.0,0.125,0.0,0.0,0.125,0.125,0.0,0.125,0.125,0.0,0.0,0.0
positive,0.125,0.0,0.0,0.125,0.125,0.0,0.0,0.0,0.0,0.125,0.0,0.0,0.125,0.125,0.0,0.0,0.125,0.0,0.125,0.0
positive,0.125,0.0,0.0,0.0,0.125,0.0,0.0,0.0,0.0,0.125,0.0,0.0,0.125,0.125,0.0,0.125,0.125,0.0,0.125,0.0
positive,0.125,0.0,0.0,0.125,0.125,0.0,0.0,0.0,0.0,0.125,0.0,0.0,0.125,0.0,0.0,0.125,0.125,0.0,0.125,0.0
positive,0.125,0.0,0.0,0.125,0.125,0.0,0.0,0.0,0.0,0.0,0.0,0.0,0.125,0.125,0.0,0.125,0.125,0.0,0.125,0.0
positive,0.0,0.0,0.0,0.0,0.125,0.0,0.0,0.0,0.0,0.0,0.125,0.0,0.0,0.125,0.0,0.375,0.125,0.0,0.125,0.0
positive,0.1,0.0,0.0,0.0,0.1,0.0,0.0,0.1,0.0,0.2,0.1,0.0,0.0,0.0,0.2,0.1,0.0,0.1,0.0,0.0
positive,0.0,0.0,0.14285714285714285,0.14285714285714285,0.14285714285714285,0.0,0.0,0.0,0.0,0.14285714285714285,0.2857142857142857,0.0,0.0,0.14285714285714285,0.0,0.0,0.0,0.0,0.0,0.0
positive,0.0,0.2,0.0,0.0,0.0,0.0,0.0,0.0,0.0,0.2,0.0,0.0,0.0,0.2,0.0,0.0,0.2,0.0,0.0,0.2
positive,0.1,0.0,0.0,0.0,0.1,0.0,0.0,0.0,0.0,0.0,0.1,0.2,0.0,0.0,0.0,0.0,0.2,0.0,0.1,0.1
positive,0.11538461538461539,0.0,0.0,0.0,0.0,0.07692307692307693,0.0,0.07692307692307693,0.0,0.038461538461538464,0.07692307692307693,0.23076923076923078,0.038461538461538464,0.038461538461538464,0.0,0.11538461538461539,0.038461538461538464,0.07692307692307693,0.038461538461538464,0.038461538461538464
positive,0.0,0.0,0.0,0.0,0.1111111111111111,0.0,0.0,0.0,0.0,0.0,0.1111111111111111,0.2222222222222222,0.0,0.0,0.0,0.0,0.3333333333333333,0.0,0.1111111111111111,0.1111111111111111
positive,0.1111111111111111,0.0,0.2222222222222222,0.0,0.1111111111111111,0.0,0.0,0.0,0.0,0.0,0.1111111111111111,0.1111111111111111,0.0,0.0,0.1111111111111111,0.0,0.0,0.0,0.2222222222222222,0.0
positive,0.1111111111111111,0.0,0.1111111111111111,0.0,0.1111111111111111,0.0,0.0,0.0,0.0,0.0,0.1111111111111111,0.1111111111111111,0.0,0.0,0.1111111111111111,0.1111111111111111,0.0,0.0,0.2222222222222222,0.0
positive,0.0,0.0,0.1111111111111111,0.0,0.1111111111111111,0.0,0.0,0.1111111111111111,0.0,0.0,0.2222222222222222,0.1111111111111111,0.0,0.1111111111111111,0.1111111111111111,0.0,0.0,0.0,0.1111111111111111,0.0
positive,0.0,0.0,0.2222222222222222,0.0,0.1111111111111111,0.0,0.0,0.0,0.0,0.0,0.1111111111111111,0.1111111111111111,0.0,0.0,0.1111111111111111,0.1111111111111111,0.0,0.0,0.2222222222222222,0.0
positive,0.0,0.0,0.0,0.0,0.1111111111111111,0.0,0.0,0.1111111111111111,0.0,0.0,0.0,0.1111111111111111,0.0,0.2222222222222222,0.1111111111111111,0.0,0.0,0.0,0.3333333333333333,0.0
positive,0.125,0.0,0.0,0.0,0.0,0.0,0.0,0.125,0.0,0.0,0.375,0.0,0.0,0.125,0.0,0.125,0.0,0.0,0.0,0.125
positive,0.0,0.0,0.0,0.0,0.0,0.0,0.0,0.125,0.0,0.0,0.25,0.0,0.0,0.125,0.0,0.0,0.125,0.0,0.0,0.375
positive,0.0,0.0,0.0,0.0,0.0,0.0,0.2,0.0,0.0,0.0,0.2,0.0,0.0,0.4,0.2,0.0,0.0,0.0,0.0,0.0
positive,0.0,0.0,0.0,0.0,0.0,0.0,0.2,0.0,0.2,0.0,0.2,0.0,0.0,0.2,0.2,0.0,0.0,0.0,0.0,0.0
positive,0.05555555555555555,0.1111111111111111,0.05555555555555555,0.0,0.0,0.05555555555555555,0.0,0.05555555555555555,0.0,0.0,0.16666666666666666,0.05555555555555555,0.0,0.2222222222222222,0.0,0.1111111111111111,0.1111111111111111,0.0,0.0,0.0
positive,0.0,0.0,0.0,0.0,0.0,0.0,0.0,0.0,0.0,0.0,0.2857142857142857,0.0,0.0,0.14285714285714285,0.0,0.0,0.14285714285714285,0.0,0.0,0.42857142857142855
positive,0.05263157894736842,0.05263157894736842,0.10526315789473684,0.0,0.0,0.05263157894736842,0.0,0.05263157894736842,0.10526315789473684,0.15789473684210525,0.0,0.10526315789473684,0.05263157894736842,0.10526315789473684,0.0,0.10526315789473684,0.05263157894736842,0.0,0.0,0.0
positive,0.0,0.0,0.1111111111111111,0.0,0.1111111111111111,0.0,0.0,0.1111111111111111,0.0,0.0,0.2222222222222222,0.1111111111111111,0.0,0.0,0.0,0.0,0.1111111111111111,0.0,0.0,0.2222222222222222
positive,0.2,0.0,0.0,0.0,0.0,0.0,0.2,0.0,0.2,0.0,0.0,0.2,0.2,0.0,0.0,0.0,0.0,0.0,0.0,0.0
positive,0.0,0.0,0.0,0.16666666666666666,0.0,0.0,0.0,0.0,0.0,0.0,0.16666666666666666,0.16666666666666666,0.16666666666666666,0.0,0.0,0.0,0.0,0.16666666666666666,0.16666666666666666,0.0
positive,0.0,0.0,0.0,0.16666666666666666,0.0,0.0,0.0,0.0,0.16666666666666666,0.0,0.0,0.0,0.3333333333333333,0.0,0.0,0.0,0.0,0.16666666666666666,0.16666666666666666,0.0
positive,0.0,0.0,0.0,0.0,0.0,0.0,0.2,0.0,0.0,0.0,0.0,0.0,0.2,0.4,0.2,0.0,0.0,0.0,0.0,0.0
positive,0.09090909090909091,0.0,0.09090909090909091,0.0,0.0,0.18181818181818182,0.0,0.09090909090909091,0.0,0.09090909090909091,0.0,0.0,0.09090909090909091,0.09090909090909091,0.09090909090909091,0.09090909090909091,0.0,0.09090909090909091,0.0,0.0
positive,0.0,0.0,0.0,0.2,0.2,0.0,0.0,0.0,0.0,0.2,0.0,0.0,0.2,0.2,0.0,0.0,0.0,0.0,0.0,0.0
positive,0.0,0.0,0.14285714285714285,0.0,0.0,0.0,0.2857142857142857,0.0,0.0,0.0,0.0,0.0,0.0,0.2857142857142857,0.14285714285714285,0.0,0.0,0.0,0.0,0.14285714285714285
positive,0.0,0.0,0.6,0.0,0.0,0.0,0.0,0.2,0.0,0.0,0.0,0.0,0.0,0.0,0.0,0.0,0.0,0.2,0.0,0.0
positive,0.0,0.0,0.0,0.125,0.125,0.0,0.0,0.0,0.0,0.125,0.0,0.0,0.125,0.125,0.0,0.125,0.125,0.0,0.125,0.0
positive,0.0,0.0,0.0,0.0,0.125,0.0,0.0,0.0,0.0,0.125,0.0,0.0,0.125,0.125,0.0,0.125,0.125,0.0,0.25,0.0
positive,0.08333333333333333,0.0,0.125,0.0,0.08333333333333333,0.041666666666666664,0.0,0.041666666666666664,0.0,0.041666666666666664,0.041666666666666664,0.16666666666666666,0.0,0.125,0.041666666666666664,0.125,0.0,0.0,0.0,0.08333333333333333
positive,0.0,0.0,0.8,0.0,0.0,0.0,0.0,0.2,0.0,0.0,0.0,0.0,0.0,0.0,0.0,0.0,0.0,0.0,0.0,0.0
positive,0.0,0.0,0.8571428571428571,0.0,0.0,0.0,0.0,0.0,0.0,0.0,0.0,0.0,0.0,0.0,0.0,0.0,0.0,0.14285714285714285,0.0,0.0
positive,0.0,0.0,0.6,0.0,0.0,0.0,0.0,0.2,0.0,0.0,0.0,0.0,0.0,0.0,0.0,0.0,0.0,0.2,0.0,0.0
positive,0.0,0.0,0.6,0.0,0.0,0.0,0.0,0.2,0.0,0.0,0.0,0.0,0.0,0.0,0.0,0.0,0.0,0.2,0.0,0.0
positive,0.0,0.0,0.2,0.0,0.0,0.0,0.0,0.0,0.0,0.2,0.0,0.0,0.0,0.2,0.2,0.0,0.2,0.0,0.0,0.0
positive,0.0,0.0,0.2,0.0,0.0,0.0,0.0,0.0,0.0,0.0,0.0,0.0,0.0,0.2,0.2,0.0,0.2,0.2,0.0,0.0
positive,0.09090909090909091,0.0,0.18181818181818182,0.0,0.0,0.09090909090909091,0.0,0.09090909090909091,0.0,0.09090909090909091,0.0,0.0,0.09090909090909091,0.09090909090909091,0.09090909090909091,0.09090909090909091,0.0,0.09090909090909091,0.0,0.0
positive,0.18181818181818182,0.0,0.09090909090909091,0.0,0.0,0.09090909090909091,0.0,0.09090909090909091,0.0,0.09090909090909091,0.0,0.0,0.09090909090909091,0.09090909090909091,0.09090909090909091,0.09090909090909091,0.0,0.09090909090909091,0.0,0.0
positive,0.0,0.0,0.0,0.0,0.0,0.2,0.0,0.2,0.0,0.0,0.0,0.2,0.2,0.0,0.0,0.0,0.0,0.0,0.2,0.0
positive,0.0,0.0,0.18181818181818182,0.09090909090909091,0.0,0.18181818181818182,0.0,0.09090909090909091,0.0,0.09090909090909091,0.0,0.0,0.09090909090909091,0.09090909090909091,0.09090909090909091,0.0,0.0,0.09090909090909091,0.0,0.0
positive,0.0,0.2,0.0,0.0,0.0,0.2,0.0,0.2,0.0,0.2,0.0,0.0,0.2,0.0,0.0,0.0,0.0,0.0,0.0,0.0
positive,0.0,0.1111111111111111,0.0,0.0,0.0,0.0,0.0,0.1111111111111111,0.0,0.1111111111111111,0.0,0.0,0.0,0.2222222222222222,0.1111111111111111,0.1111111111111111,0.2222222222222222,0.0,0.0,0.0
positive,0.0,0.0,0.0,0.14285714285714285,0.0,0.0,0.14285714285714285,0.0,0.14285714285714285,0.0,0.14285714285714285,0.0,0.0,0.14285714285714285,0.14285714285714285,0.14285714285714285,0.0,0.0,0.0,0.0
positive,0.0,0.0,0.0,0.14285714285714285,0.0,0.0,0.14285714285714285,0.0,0.0,0.0,0.0,0.0,0.14285714285714285,0.2857142857142857,0.14285714285714285,0.14285714285714285,0.0,0.0,0.0,0.0
positive,0.047619047619047616,0.047619047619047616,0.047619047619047616,0.0,0.0,0.047619047619047616,0.0,0.09523809523809523,0.0,0.0,0.19047619047619047,0.047619047619047616,0.0,0.19047619047619047,0.0,0.19047619047619047,0.09523809523809523,0.0,0.0,0.0
positive,0.047619047619047616,0.09523809523809523,0.0,0.0,0.0,0.047619047619047616,0.0,0.09523809523809523,0.0,0.0,0.19047619047619047,0.047619047619047616,0.0,0.19047619047619047,0.0,0.19047619047619047,0.09523809523809523,0.0,0.0,0.0
positive,0.09523809523809523,0.047619047619047616,0.047619047619047616,0.0,0.0,0.047619047619047616,0.0,0.09523809523809523,0.0,0.0,0.14285714285714285,0.047619047619047616,0.0,0.19047619047619047,0.0,0.19047619047619047,0.09523809523809523,0.0,0.0,0.0
positive,0.047619047619047616,0.047619047619047616,0.047619047619047616,0.0,0.0,0.047619047619047616,0.0,0.09523809523809523,0.0,0.0,0.14285714285714285,0.047619047619047616,0.0,0.23809523809523808,0.0,0.19047619047619047,0.09523809523809523,0.0,0.0,0.0
positive,0.0,0.11764705882352941,0.058823529411764705,0.0,0.0,0.058823529411764705,0.0,0.058823529411764705,0.0,0.0,0.11764705882352941,0.0,0.0,0.23529411764705882,0.0,0.23529411764705882,0.11764705882352941,0.0,0.0,0.0
positive,0.05555555555555555,0.1111111111111111,0.05555555555555555,0.0,0.0,0.05555555555555555,0.0,0.05555555555555555,0.0,0.0,0.1111111111111111,0.0,0.0,0.2222222222222222,0.0,0.2222222222222222,0.1111111111111111,0.0,0.0,0.0
positive,0.05,0.1,0.05,0.0,0.0,0.05,0.0,0.1,0.0,0.0,0.1,0.05,0.0,0.2,0.0,0.2,0.1,0.0,0.0,0.0
positive,0.05263157894736842,0.10526315789473684,0.05263157894736842,0.0,0.0,0.05263157894736842,0.0,0.05263157894736842,0.0,0.0,0.15789473684210525,0.0,0.0,0.21052631578947367,0.0,0.21052631578947367,0.10526315789473684,0.0,0.0,0.0
positive,0.05,0.1,0.05,0.0,0.0,0.05,0.0,0.1,0.0,0.0,0.15,0.0,0.0,0.2,0.0,0.2,0.1,0.0,0.0,0.0
positive,0.09523809523809523,0.09523809523809523,0.047619047619047616,0.0,0.0,0.047619047619047616,0.0,0.09523809523809523,0.0,0.0,0.14285714285714285,0.0,0.0,0.19047619047619047,0.0,0.19047619047619047,0.09523809523809523,0.0,0.0,0.0
positive,0.047619047619047616,0.09523809523809523,0.047619047619047616,0.0,0.0,0.047619047619047616,0.0,0.09523809523809523,0.0,0.0,0.14285714285714285,0.047619047619047616,0.0,0.19047619047619047,0.0,0.19047619047619047,0.09523809523809523,0.0,0.0,0.0
positive,0.0,0.0,0.0,0.125,0.0,0.0,0.0,0.0,0.0,0.125,0.0,0.0,0.125,0.125,0.0,0.25,0.125,0.0,0.125,0.0
positive,0.05,0.1,0.05,0.0,0.0,0.05,0.0,0.05,0.0,0.0,0.15,0.05,0.0,0.2,0.0,0.2,0.1,0.0,0.0,0.0
positive,0.047619047619047616,0.09523809523809523,0.047619047619047616,0.0,0.0,0.047619047619047616,0.0,0.09523809523809523,0.0,0.0,0.14285714285714285,0.0,0.0,0.19047619047619047,0.0,0.19047619047619047,0.09523809523809523,0.0,0.0,0.047619047619047616
positive,0.047619047619047616,0.09523809523809523,0.047619047619047616,0.0,0.0,0.09523809523809523,0.0,0.09523809523809523,0.0,0.0,0.14285714285714285,0.047619047619047616,0.0,0.14285714285714285,0.0,0.19047619047619047,0.09523809523809523,0.0,0.0,0.0
positive,0.047619047619047616,0.09523809523809523,0.047619047619047616,0.0,0.0,0.09523809523809523,0.0,0.09523809523809523,0.0,0.0,0.14285714285714285,0.047619047619047616,0.0,0.14285714285714285,0.0,0.19047619047619047,0.09523809523809523,0.0,0.0,0.0
positive,0.05555555555555555,0.1111111111111111,0.05555555555555555,0.0,0.0,0.05555555555555555,0.0,0.05555555555555555,0.0,0.0,0.1111111111111111,0.0,0.0,0.2222222222222222,0.0,0.16666666666666666,0.16666666666666666,0.0,0.0,0.0
positive,0.0,0.03333333333333333,0.06666666666666667,0.06666666666666667,0.0,0.06666666666666667,0.0,0.16666666666666666,0.0,0.06666666666666667,0.06666666666666667,0.06666666666666667,0.03333333333333333,0.06666666666666667,0.06666666666666667,0.03333333333333333,0.06666666666666667,0.03333333333333333,0.06666666666666667,0.03333333333333333
positive,0.14285714285714285,0.0,0.0,0.0,0.0,0.0,0.0,0.0,0.0,0.14285714285714285,0.14285714285714285,0.0,0.0,0.14285714285714285,0.0,0.14285714285714285,0.14285714285714285,0.0,0.0,0.14285714285714285
positive,0.041666666666666664,0.0,0.041666666666666664,0.0,0.08333333333333333,0.041666666666666664,0.0,0.041666666666666664,0.0,0.125,0.0,0.16666666666666666,0.0,0.125,0.0,0.25,0.041666666666666664,0.0,0.0,0.041666666666666664
positive,0.0,0.0,0.2,0.2,0.0,0.0,0.0,0.0,0.0,0.0,0.0,0.2,0.0,0.0,0.0,0.2,0.0,0.0,0.2,0.0
positive,0.0,0.0,0.041666666666666664,0.0,0.08333333333333333,0.041666666666666664,0.0,0.041666666666666664,0.0,0.08333333333333333,0.0,0.20833333333333334,0.0,0.125,0.0,0.2916666666666667,0.041666666666666664,0.0,0.0,0.041666666666666664
positive,0.05555555555555555,0.05555555555555555,0.05555555555555555,0.0,0.0,0.05555555555555555,0.0,0.05555555555555555,0.0,0.0,0.16666666666666666,0.0,0.0,0.2777777777777778,0.0,0.16666666666666666,0.1111111111111111,0.0,0.0,0.0
positive,0.05263157894736842,0.10526315789473684,0.05263157894736842,0.0,0.0,0.05263157894736842,0.0,0.05263157894736842,0.0,0.0,0.15789473684210525,0.05263157894736842,0.0,0.21052631578947367,0.0,0.15789473684210525,0.10526315789473684,0.0,0.0,0.0
positive,0.2,0.2,0.0,0.0,0.0,0.0,0.0,0.0,0.0,0.0,0.0,0.2,0.0,0.0,0.0,0.2,0.2,0.0,0.0,0.0
positive,0.2,0.2,0.2,0.0,0.0,0.0,0.0,0.0,0.0,0.0,0.0,0.0,0.0,0.0,0.0,0.2,0.2,0.0,0.0,0.0
positive,0.0,0.2,0.2,0.0,0.0,0.0,0.0,0.0,0.0,0.0,0.0,0.0,0.0,0.0,0.0,0.2,0.2,0.0,0.0,0.2
positive,0.125,0.0,0.0,0.0,0.25,0.0,0.0,0.0,0.0,0.0,0.0,0.0,0.0,0.0,0.0,0.25,0.0,0.125,0.0,0.25
positive,0.125,0.0,0.0,0.0,0.25,0.0,0.0,0.0,0.0,0.0,0.0,0.0,0.0,0.0,0.0,0.25,0.0,0.125,0.125,0.125
positive,0.058823529411764705,0.11764705882352941,0.058823529411764705,0.0,0.0,0.058823529411764705,0.0,0.058823529411764705,0.0,0.0,0.11764705882352941,0.058823529411764705,0.0,0.23529411764705882,0.0,0.11764705882352941,0.11764705882352941,0.0,0.0,0.0
positive,0.14285714285714285,0.0,0.0,0.0,0.14285714285714285,0.0,0.0,0.0,0.0,0.14285714285714285,0.0,0.0,0.14285714285714285,0.14285714285714285,0.0,0.14285714285714285,0.14285714285714285,0.0,0.0,0.0
positive,0.1111111111111111,0.0,0.0,0.0,0.1111111111111111,0.0,0.0,0.1111111111111111,0.0,0.0,0.0,0.1111111111111111,0.0,0.1111111111111111,0.1111111111111111,0.1111111111111111,0.1111111111111111,0.0,0.0,0.1111111111111111
positive,0.0,0.0,0.0,0.0,0.0,0.0,0.0,0.14285714285714285,0.0,0.0,0.0,0.0,0.0,0.0,0.14285714285714285,0.2857142857142857,0.0,0.2857142857142857,0.14285714285714285,0.0
positive,0.3,0.06666666666666667,0.03333333333333333,0.0,0.0,0.06666666666666667,0.0,0.1,0.0,0.03333333333333333,0.1,0.16666666666666666,0.0,0.03333333333333333,0.03333333333333333,0.0,0.0,0.0,0.0,0.06666666666666667
positive,0.0,0.08695652173913043,0.13043478260869565,0.043478260869565216,0.08695652173913043,0.0,0.0,0.13043478260869565,0.043478260869565216,0.08695652173913043,0.0,0.08695652173913043,0.0,0.043478260869565216,0.043478260869565216,0.043478260869565216,0.08695652173913043,0.043478260869565216,0.043478260869565216,0.0
positive,0.0,0.16666666666666666,0.0,0.16666666666666666,0.0,0.0,0.16666666666666666,0.16666666666666666,0.0,0.0,0.0,0.0,0.0,0.0,0.0,0.0,0.16666666666666666,0.16666666666666666,0.0,0.0
positive,0.25,0.0,0.0,0.0,0.0,0.0,0.0,0.125,0.0,0.0,0.25,0.0,0.0,0.0,0.0,0.0,0.0,0.0,0.0,0.375
positive,0.1,0.1,0.0,0.0,0.1,0.0,0.0,0.3,0.0,0.0,0.0,0.0,0.0,0.2,0.1,0.0,0.0,0.0,0.0,0.1
positive,0.0,0.0,0.0,0.0,0.0,0.0,0.2,0.0,0.0,0.0,0.0,0.0,0.0,0.4,0.2,0.0,0.0,0.0,0.0,0.2
positive,0.0,0.0,0.18181818181818182,0.0,0.0,0.18181818181818182,0.0,0.09090909090909091,0.0,0.09090909090909091,0.0,0.0,0.09090909090909091,0.18181818181818182,0.09090909090909091,0.09090909090909091,0.0,0.0,0.0,0.0
positive,0.08333333333333333,0.08333333333333333,0.0,0.0,0.0,0.08333333333333333,0.0,0.0,0.08333333333333333,0.0,0.0,0.0,0.0,0.08333333333333333,0.25,0.0,0.0,0.25,0.08333333333333333,0.0
positive,0.0,0.0,0.14285714285714285,0.0,0.0,0.0,0.0,0.0,0.0,0.0,0.0,0.14285714285714285,0.0,0.14285714285714285,0.14285714285714285,0.0,0.14285714285714285,0.14285714285714285,0.14285714285714285,0.0
positive,0.14285714285714285,0.0,0.2857142857142857,0.0,0.14285714285714285,0.0,0.0,0.0,0.0,0.0,0.0,0.0,0.0,0.0,0.14285714285714285,0.0,0.0,0.0,0.2857142857142857,0.0
positive,0.125,0.0,0.125,0.0,0.125,0.0,0.0,0.0,0.0,0.0,0.125,0.0,0.0,0.0,0.125,0.125,0.0,0.0,0.25,0.0
positive,0.0,0.0,0.25,0.0,0.125,0.0,0.0,0.0,0.0,0.0,0.125,0.0,0.0,0.0,0.125,0.125,0.0,0.0,0.25,0.0
positive,0.0,0.0,0.125,0.0,0.125,0.0,0.0,0.125,0.0,0.0,0.0,0.0,0.0,0.125,0.125,0.0,0.0,0.0,0.25,0.125
positive,0.0,0.0,0.125,0.0,0.125,0.0,0.0,0.125,0.0,0.125,0.125,0.0,0.0,0.125,0.125,0.0,0.0,0.0,0.125,0.0
positive,0.0,0.0,0.0,0.0,0.0,0.2,0.2,0.0,0.0,0.2,0.0,0.0,0.0,0.2,0.0,0.0,0.0,0.2,0.0,0.0
positive,0.16666666666666666,0.0,0.0,0.0,0.0,0.16666666666666666,0.16666666666666666,0.16666666666666666,0.0,0.0,0.0,0.0,0.0,0.16666666666666666,0.0,0.0,0.0,0.16666666666666666,0.0,0.0
positive,0.0,0.0,0.0,0.0,0.125,0.0,0.0,0.0,0.0,0.0,0.0,0.0,0.0,0.125,0.0,0.25,0.125,0.0,0.375,0.0
positive,0.043478260869565216,0.0,0.0,0.043478260869565216,0.0,0.0,0.0,0.08695652173913043,0.0,0.30434782608695654,0.13043478260869565,0.13043478260869565,0.08695652173913043,0.043478260869565216,0.043478260869565216,0.043478260869565216,0.0,0.0,0.0,0.043478260869565216
positive,0.045454545454545456,0.0,0.045454545454545456,0.045454545454545456,0.0,0.0,0.0,0.09090909090909091,0.0,0.18181818181818182,0.18181818181818182,0.13636363636363635,0.09090909090909091,0.045454545454545456,0.0,0.0,0.045454545454545456,0.0,0.0,0.09090909090909091
positive,0.0,0.0,0.0,0.125,0.0,0.0,0.0,0.25,0.0,0.5,0.0,0.0,0.0,0.0,0.0,0.0,0.0,0.0,0.0,0.125
positive,0.0,0.0,0.0,0.0,0.0,0.0,0.125,0.25,0.0,0.5,0.0,0.0,0.0,0.0,0.0,0.0,0.0,0.0,0.0,0.125
positive,0.0,0.0,0.0,0.0,0.0,0.0,0.1111111111111111,0.2222222222222222,0.0,0.3333333333333333,0.0,0.0,0.0,0.0,0.0,0.0,0.0,0.0,0.0,0.3333333333333333
positive,0.2,0.0,0.0,0.0,0.1,0.0,0.0,0.1,0.0,0.1,0.2,0.0,0.0,0.1,0.1,0.0,0.0,0.0,0.1,0.0
positive,0.0,0.0,0.0,0.14285714285714285,0.0,0.0,0.0,0.14285714285714285,0.0,0.0,0.2857142857142857,0.0,0.0,0.0,0.0,0.14285714285714285,0.0,0.2857142857142857,0.0,0.0
positive,0.0,0.0,0.0,0.125,0.0,0.0,0.0,0.25,0.0,0.375,0.125,0.0,0.0,0.0,0.0,0.0,0.0,0.0,0.0,0.125
positive,0.0,0.0,0.0,0.14285714285714285,0.0,0.0,0.0,0.2857142857142857,0.0,0.42857142857142855,0.0,0.0,0.0,0.0,0.0,0.0,0.0,0.0,0.0,0.14285714285714285
positive,0.0,0.0,0.0,0.0,0.0,0.0,0.0,0.2,0.0,0.0,0.0,0.0,0.0,0.4,0.4,0.0,0.0,0.0,0.0,0.0
positive,0.0,0.0,0.0,0.0,0.0,0.0,0.125,0.375,0.0,0.375,0.0,0.0,0.0,0.0,0.0,0.0,0.125,0.0,0.0,0.0
positive,0.0,0.0,0.0,0.0,0.2222222222222222,0.0,0.0,0.1111111111111111,0.0,0.1111111111111111,0.1111111111111111,0.0,0.1111111111111111,0.0,0.0,0.0,0.0,0.1111111111111111,0.0,0.2222222222222222
positive,0.125,0.0,0.0,0.0,0.125,0.0,0.0,0.125,0.0,0.0,0.25,0.0,0.0,0.125,0.125,0.0,0.0,0.0,0.125,0.0
positive,0.18181818181818182,0.0,0.0,0.0,0.09090909090909091,0.0,0.0,0.09090909090909091,0.0,0.18181818181818182,0.18181818181818182,0.0,0.0,0.09090909090909091,0.09090909090909091,0.0,0.0,0.0,0.09090909090909091,0.0
positive,0.1111111111111111,0.0,0.0,0.0,0.1111111111111111,0.0,0.0,0.1111111111111111,0.0,0.1111111111111111,0.2222222222222222,0.0,0.0,0.1111111111111111,0.1111111111111111,0.0,0.0,0.0,0.1111111111111111,0.0
negative,0.0,0.14285714285714285,0.0,0.0,0.0,0.14285714285714285,0.14285714285714285,0.14285714285714285,0.0,0.14285714285714285,0.0,0.0,0.0,0.0,0.14285714285714285,0.14285714285714285,0.0,0.0,0.0,0.0
negative,0.0,0.125,0.0,0.0,0.0,0.125,0.125,0.0,0.0,0.0,0.125,0.0,0.0,0.125,0.125,0.125,0.0,0.125,0.0,0.0
negative,0.125,0.0,0.0,0.0,0.125,0.0,0.125,0.0,0.0,0.0,0.0,0.0,0.125,0.0,0.0,0.125,0.125,0.0,0.25,0.0
negative,0.0,0.125,0.0,0.0,0.0,0.125,0.125,0.0,0.0,0.0,0.0,0.125,0.125,0.0,0.0,0.125,0.0,0.0,0.0,0.25
negative,0.0,0.0,0.0,0.0,0.2222222222222222,0.0,0.0,0.0,0.0,0.0,0.0,0.2222222222222222,0.0,0.3333333333333333,0.0,0.1111111111111111,0.0,0.0,0.0,0.1111111111111111
negative,0.0,0.0,0.0,0.0,0.2222222222222222,0.0,0.0,0.0,0.0,0.0,0.1111111111111111,0.2222222222222222,0.0,0.2222222222222222,0.0,0.1111111111111111,0.0,0.0,0.0,0.1111111111111111
negative,0.0,0.0,0.1111111111111111,0.0,0.0,0.1111111111111111,0.0,0.0,0.0,0.1111111111111111,0.1111111111111111,0.0,0.0,0.0,0.3333333333333333,0.0,0.2222222222222222,0.0,0.0,0.0
negative,0.0,0.0,0.0,0.0,0.0,0.0,0.1111111111111111,0.0,0.1111111111111111,0.2222222222222222,0.1111111111111111,0.1111111111111111,0.0,0.1111111111111111,0.1111111111111111,0.1111111111111111,0.0,0.0,0.0,0.0
negative,0.2222222222222222,0.1111111111111111,0.0,0.0,0.0,0.1111111111111111,0.0,0.2222222222222222,0.0,0.0,0.0,0.0,0.1111111111111111,0.0,0.0,0.1111111111111111,0.0,0.0,0.0,0.1111111111111111
negative,0.0,0.2222222222222222,0.0,0.0,0.3333333333333333,0.0,0.0,0.1111111111111111,0.0,0.0,0.0,0.0,0.0,0.1111111111111111,0.0,0.0,0.1111111111111111,0.0,0.0,0.1111111111111111
negative,0.0,0.3333333333333333,0.0,0.0,0.3333333333333333,0.0,0.0,0.1111111111111111,0.0,0.0,0.0,0.0,0.0,0.0,0.0,0.0,0.0,0.0,0.0,0.2222222222222222
negative,0.0,0.0,0.1,0.0,0.0,0.0,0.0,0.0,0.0,0.0,0.6,0.1,0.0,0.0,0.1,0.1,0.0,0.0,0.0,0.0
negative,0.3,0.2,0.1,0.1,0.0,0.0,0.1,0.2,0.0,0.0,0.0,0.0,0.0,0.0,0.0,0.0,0.0,0.0,0.0,0.0
negative,0.1,0.0,0.0,0.0,0.0,0.1,0.1,0.0,0.0,0.0,0.1,0.0,0.0,0.2,0.2,0.0,0.0,0.0,0.0,0.1
negative,0.1,0.0,0.0,0.2,0.2,0.0,0.0,0.2,0.0,0.0,0.2,0.0,0.0,0.1,0.0,0.0,0.0,0.0,0.0,0.0
negative,0.1,0.0,0.1,0.1,0.1,0.0,0.1,0.0,0.0,0.0,0.1,0.1,0.0,0.0,0.0,0.0,0.2,0.0,0.1,0.0
negative,0.09090909090909091,0.0,0.09090909090909091,0.0,0.0,0.09090909090909091,0.0,0.09090909090909091,0.0,0.18181818181818182,0.0,0.09090909090909091,0.0,0.0,0.0,0.2727272727272727,0.09090909090909091,0.0,0.0,0.0
negative,0.18181818181818182,0.0,0.0,0.0,0.0,0.09090909090909091,0.0,0.18181818181818182,0.0,0.0,0.0,0.18181818181818182,0.0,0.0,0.18181818181818182,0.09090909090909091,0.09090909090909091,0.0,0.0,0.0
negative,0.18181818181818182,0.09090909090909091,0.0,0.0,0.0,0.0,0.0,0.18181818181818182,0.09090909090909091,0.0,0.09090909090909091,0.18181818181818182,0.0,0.0,0.0,0.09090909090909091,0.0,0.0,0.0,0.09090909090909091
negative,0.0,0.09090909090909091,0.0,0.0,0.0,0.0,0.0,0.0,0.0,0.18181818181818182,0.36363636363636365,0.09090909090909091,0.0,0.0,0.0,0.18181818181818182,0.09090909090909091,0.0,0.0,0.0
negative,0.2727272727272727,0.0,0.09090909090909091,0.09090909090909091,0.0,0.0,0.0,0.09090909090909091,0.0,0.0,0.0,0.0,0.0,0.09090909090909091,0.09090909090909091,0.0,0.0,0.0,0.09090909090909091,0.18181818181818182
negative,0.0,0.0,0.0,0.0,0.0,0.0,0.09090909090909091,0.09090909090909091,0.0,0.0,0.0,0.0,0.09090909090909091,0.18181818181818182,0.0,0.18181818181818182,0.09090909090909091,0.0,0.09090909090909091,0.18181818181818182
negative,0.0,0.0,0.0,0.0,0.08333333333333333,0.0,0.0,0.0,0.0,0.0,0.25,0.16666666666666666,0.0,0.08333333333333333,0.16666666666666666,0.16666666666666666,0.0,0.0,0.0,0.08333333333333333
negative,0.0,0.0,0.0,0.0,0.0,0.0,0.0,0.16666666666666666,0.0,0.16666666666666666,0.4166666666666667,0.08333333333333333,0.0,0.0,0.0,0.08333333333333333,0.08333333333333333,0.0,0.0,0.0
negative,0.0,0.0,0.08333333333333333,0.0,0.0,0.16666666666666666,0.0,0.0,0.0,0.0,0.08333333333333333,0.0,0.0,0.08333333333333333,0.25,0.0,0.16666666666666666,0.0,0.0,0.16666666666666666
negative,0.07692307692307693,0.0,0.0,0.0,0.0,0.0,0.0,0.15384615384615385,0.0,0.15384615384615385,0.38461538461538464,0.07692307692307693,0.0,0.07692307692307693,0.07692307692307693,0.0,0.0,0.0,0.0,0.0
negative,0.0,0.07692307692307693,0.0,0.0,0.0,0.0,0.0,0.07692307692307693,0.0,0.15384615384615385,0.38461538461538464,0.0,0.0,0.07692307692307693,0.23076923076923078,0.0,0.0,0.0,0.0,0.0
negative,0.0,0.15384615384615385,0.0,0.0,0.0,0.0,0.0,0.07692307692307693,0.0,0.23076923076923078,0.3076923076923077,0.0,0.0,0.07692307692307693,0.07692307692307693,0.0,0.0,0.0,0.0,0.07692307692307693
negative,0.15384615384615385,0.0,0.07692307692307693,0.0,0.0,0.0,0.0,0.07692307692307693,0.0,0.15384615384615385,0.15384615384615385,0.23076923076923078,0.07692307692307693,0.0,0.0,0.0,0.0,0.07692307692307693,0.0,0.0
negative,0.0,0.07692307692307693,0.0,0.0,0.0,0.0,0.0,0.15384615384615385,0.0,0.15384615384615385,0.3076923076923077,0.0,0.0,0.07692307692307693,0.07692307692307693,0.07692307692307693,0.0,0.0,0.0,0.07692307692307693
negative,0.0,0.0,0.15384615384615385,0.0,0.0,0.0,0.0,0.15384615384615385,0.0,0.07692307692307693,0.5384615384615384,0.0,0.0,0.0,0.07692307692307693,0.0,0.0,0.0,0.0,0.0
negative,0.0,0.0,0.15384615384615385,0.0,0.0,0.0,0.0,0.07692307692307693,0.0,0.15384615384615385,0.38461538461538464,0.0,0.0,0.0,0.07692307692307693,0.07692307692307693,0.0,0.0,0.0,0.07692307692307693
negative,0.0,0.0,0.0,0.0,0.0,0.0,0.0,0.15384615384615385,0.0,0.15384615384615385,0.3076923076923077,0.07692307692307693,0.0,0.07692307692307693,0.07692307692307693,0.07692307692307693,0.0,0.0,0.0,0.07692307692307693
negative,0.0,0.07692307692307693,0.0,0.0,0.0,0.07692307692307693,0.0,0.07692307692307693,0.0,0.07692307692307693,0.15384615384615385,0.07692307692307693,0.0,0.23076923076923078,0.0,0.07692307692307693,0.0,0.07692307692307693,0.0,0.07692307692307693
negative,0.0,0.0,0.07692307692307693,0.07692307692307693,0.0,0.0,0.0,0.15384615384615385,0.0,0.23076923076923078,0.15384615384615385,0.07692307692307693,0.0,0.15384615384615385,0.0,0.07692307692307693,0.0,0.0,0.0,0.0
negative,0.0,0.0,0.07692307692307693,0.07692307692307693,0.0,0.0,0.0,0.07692307692307693,0.0,0.23076923076923078,0.15384615384615385,0.07692307692307693,0.0,0.07692307692307693,0.0,0.07692307692307693,0.07692307692307693,0.0,0.0,0.07692307692307693
negative,0.07692307692307693,0.0,0.0,0.0,0.0,0.0,0.0,0.07692307692307693,0.07692307692307693,0.07692307692307693,0.38461538461538464,0.0,0.0,0.15384615384615385,0.07692307692307693,0.07692307692307693,0.0,0.0,0.0,0.0
negative,0.0,0.0,0.0,0.0,0.14285714285714285,0.0,0.0,0.0,0.0,0.07142857142857142,0.0,0.21428571428571427,0.0,0.21428571428571427,0.0,0.2857142857142857,0.0,0.0,0.0,0.07142857142857142
negative,0.07142857142857142,0.0,0.07142857142857142,0.0,0.0,0.0,0.0,0.07142857142857142,0.0,0.2857142857142857,0.21428571428571427,0.21428571428571427,0.0,0.0,0.0,0.07142857142857142,0.0,0.0,0.0,0.0
negative,0.21428571428571427,0.0,0.07142857142857142,0.0,0.0,0.0,0.0,0.07142857142857142,0.0,0.14285714285714285,0.14285714285714285,0.21428571428571427,0.07142857142857142,0.0,0.0,0.0,0.0,0.07142857142857142,0.0,0.0
negative,0.14285714285714285,0.0,0.0,0.14285714285714285,0.0,0.07142857142857142,0.0,0.0,0.0,0.14285714285714285,0.21428571428571427,0.21428571428571427,0.0,0.0,0.0,0.0,0.0,0.07142857142857142,0.0,0.0
negative,0.2857142857142857,0.0,0.07142857142857142,0.0,0.0,0.0,0.0,0.0,0.0,0.14285714285714285,0.21428571428571427,0.21428571428571427,0.07142857142857142,0.0,0.0,0.0,0.0,0.0,0.0,0.0
negative,0.0,0.0,0.07142857142857142,0.0,0.42857142857142855,0.0,0.0,0.07142857142857142,0.0,0.0,0.0,0.0,0.0,0.0,0.07142857142857142,0.21428571428571427,0.0,0.0,0.0,0.14285714285714285
negative,0.0,0.0,0.07142857142857142,0.0,0.42857142857142855,0.0,0.0,0.07142857142857142,0.0,0.0,0.0,0.0,0.0,0.07142857142857142,0.07142857142857142,0.21428571428571427,0.0,0.0,0.0,0.07142857142857142
negative,0.2,0.0,0.13333333333333333,0.06666666666666667,0.06666666666666667,0.06666666666666667,0.0,0.06666666666666667,0.0,0.0,0.06666666666666667,0.06666666666666667,0.0,0.06666666666666667,0.06666666666666667,0.0,0.0,0.0,0.06666666666666667,0.06666666666666667
negative,0.0,0.0,0.06666666666666667,0.2,0.06666666666666667,0.0,0.06666666666666667,0.06666666666666667,0.06666666666666667,0.26666666666666666,0.0,0.06666666666666667,0.0,0.0,0.0,0.06666666666666667,0.06666666666666667,0.0,0.0,0.0
negative,0.06666666666666667,0.0,0.0,0.0,0.0,0.0,0.0,0.2,0.06666666666666667,0.2,0.26666666666666666,0.06666666666666667,0.06666666666666667,0.0,0.0,0.0,0.06666666666666667,0.0,0.0,0.0
negative,0.06666666666666667,0.0,0.0,0.0,0.0,0.0,0.0,0.2,0.06666666666666667,0.2,0.26666666666666666,0.06666666666666667,0.0,0.06666666666666667,0.0,0.0,0.06666666666666667,0.0,0.0,0.0
negative,0.0,0.125,0.125,0.0,0.0,0.0,0.0,0.0625,0.0,0.0,0.0625,0.0625,0.0,0.0,0.3125,0.0,0.125,0.0,0.0625,0.0625
negative,0.0,0.125,0.1875,0.0,0.0,0.0,0.0,0.0625,0.0625,0.0,0.0625,0.0625,0.0,0.0,0.3125,0.0,0.0625,0.0,0.0,0.0625
negative,0.0625,0.0,0.0,0.0625,0.0,0.0,0.0,0.1875,0.0,0.125,0.125,0.125,0.0,0.0625,0.0,0.0625,0.0,0.0,0.0,0.1875
negative,0.0625,0.0,0.0,0.0625,0.0,0.0,0.0,0.1875,0.0,0.125,0.125,0.125,0.0,0.0625,0.0,0.0625,0.0,0.0,0.0,0.1875
negative,0.0625,0.0,0.0,0.0625,0.0,0.0,0.0,0.1875,0.0,0.1875,0.125,0.125,0.0,0.0625,0.0,0.0625,0.0,0.0,0.0,0.125
negative,0.0625,0.0,0.0625,0.0,0.0,0.0,0.0625,0.125,0.0,0.125,0.3125,0.0625,0.0,0.0,0.0,0.0625,0.0625,0.0,0.0,0.0625
negative,0.058823529411764705,0.0,0.058823529411764705,0.0,0.0,0.0,0.058823529411764705,0.11764705882352941,0.0,0.17647058823529413,0.11764705882352941,0.17647058823529413,0.0,0.0,0.0,0.11764705882352941,0.0,0.058823529411764705,0.0,0.058823529411764705
negative,0.11764705882352941,0.0,0.058823529411764705,0.0,0.0,0.058823529411764705,0.058823529411764705,0.058823529411764705,0.0,0.17647058823529413,0.11764705882352941,0.17647058823529413,0.0,0.0,0.0,0.058823529411764705,0.0,0.058823529411764705,0.0,0.058823529411764705
negative,0.0,0.23529411764705882,0.0,0.0,0.23529411764705882,0.0,0.0,0.058823529411764705,0.0,0.058823529411764705,0.0,0.11764705882352941,0.0,0.058823529411764705,0.0,0.0,0.0,0.058823529411764705,0.11764705882352941,0.058823529411764705
negative,0.0,0.058823529411764705,0.0,0.0,0.11764705882352941,0.0,0.0,0.0,0.0,0.17647058823529413,0.17647058823529413,0.17647058823529413,0.0,0.11764705882352941,0.0,0.058823529411764705,0.11764705882352941,0.0,0.0,0.0
negative,0.058823529411764705,0.058823529411764705,0.0,0.0,0.11764705882352941,0.0,0.0,0.058823529411764705,0.0,0.0,0.0,0.17647058823529413,0.0,0.0,0.23529411764705882,0.11764705882352941,0.058823529411764705,0.058823529411764705,0.058823529411764705,0.0
negative,0.058823529411764705,0.17647058823529413,0.0,0.0,0.0,0.11764705882352941,0.058823529411764705,0.058823529411764705,0.0,0.058823529411764705,0.0,0.11764705882352941,0.0,0.11764705882352941,0.23529411764705882,0.0,0.0,0.0,0.0,0.0
negative,0.0,0.3333333333333333,0.0,0.0,0.2222222222222222,0.0,0.0,0.05555555555555555,0.0,0.0,0.0,0.05555555555555555,0.0,0.1111111111111111,0.0,0.0,0.0,0.05555555555555555,0.1111111111111111,0.05555555555555555
negative,0.0,0.2777777777777778,0.0,0.0,0.2222222222222222,0.0,0.0,0.05555555555555555,0.0,0.0,0.0,0.1111111111111111,0.0,0.1111111111111111,0.0,0.0,0.0,0.05555555555555555,0.1111111111111111,0.05555555555555555
negative,0.1111111111111111,0.0,0.05555555555555555,0.0,0.0,0.0,0.0,0.16666666666666666,0.0,0.05555555555555555,0.3333333333333333,0.1111111111111111,0.0,0.0,0.05555555555555555,0.05555555555555555,0.0,0.0,0.0,0.05555555555555555
negative,0.1111111111111111,0.0,0.0,0.05555555555555555,0.05555555555555555,0.0,0.05555555555555555,0.0,0.0,0.0,0.16666666666666666,0.0,0.0,0.0,0.0,0.1111111111111111,0.05555555555555555,0.1111111111111111,0.0,0.1111111111111111
negative,0.16666666666666666,0.0,0.05555555555555555,0.0,0.0,0.0,0.0,0.1111111111111111,0.0,0.16666666666666666,0.2777777777777778,0.1111111111111111,0.0,0.05555555555555555,0.05555555555555555,0.0,0.0,0.0,0.0,0.0
negative,0.05555555555555555,0.0,0.0,0.0,0.0,0.0,0.0,0.05555555555555555,0.05555555555555555,0.05555555555555555,0.16666666666666666,0.2222222222222222,0.1111111111111111,0.05555555555555555,0.05555555555555555,0.05555555555555555,0.0,0.0,0.0,0.1111111111111111
negative,0.05263157894736842,0.0,0.0,0.0,0.0,0.0,0.0,0.2631578947368421,0.0,0.0,0.15789473684210525,0.0,0.0,0.0,0.2631578947368421,0.15789473684210525,0.0,0.0,0.0,0.10526315789473684
negative,0.15789473684210525,0.0,0.0,0.05263157894736842,0.0,0.0,0.0,0.10526315789473684,0.0,0.0,0.21052631578947367,0.21052631578947367,0.0,0.10526315789473684,0.0,0.0,0.05263157894736842,0.0,0.0,0.10526315789473684
negative,0.05263157894736842,0.0,0.0,0.0,0.21052631578947367,0.0,0.05263157894736842,0.10526315789473684,0.0,0.10526315789473684,0.05263157894736842,0.0,0.0,0.0,0.0,0.10526315789473684,0.15789473684210525,0.05263157894736842,0.0,0.10526315789473684
negative,0.0,0.0,0.0,0.05263157894736842,0.0,0.0,0.0,0.2631578947368421,0.0,0.05263157894736842,0.2631578947368421,0.15789473684210525,0.0,0.0,0.05263157894736842,0.0,0.0,0.0,0.0,0.15789473684210525
negative,0.21052631578947367,0.0,0.10526315789473684,0.0,0.0,0.0,0.0,0.0,0.10526315789473684,0.15789473684210525,0.10526315789473684,0.05263157894736842,0.0,0.05263157894736842,0.05263157894736842,0.10526315789473684,0.0,0.0,0.0,0.05263157894736842
negative,0.10526315789473684,0.0,0.05263157894736842,0.10526315789473684,0.0,0.0,0.0,0.10526315789473684,0.0,0.0,0.10526315789473684,0.15789473684210525,0.0,0.10526315789473684,0.0,0.05263157894736842,0.0,0.0,0.0,0.21052631578947367
negative,0.0,0.15,0.1,0.05,0.0,0.0,0.0,0.05,0.0,0.05,0.05,0.05,0.0,0.0,0.25,0.05,0.05,0.0,0.1,0.05
negative,0.25,0.15,0.0,0.1,0.0,0.0,0.0,0.05,0.0,0.0,0.15,0.0,0.1,0.0,0.1,0.05,0.0,0.0,0.0,0.05
negative,0.0,0.0,0.05,0.0,0.1,0.0,0.0,0.05,0.0,0.15,0.15,0.15,0.0,0.05,0.1,0.0,0.05,0.0,0.0,0.15
negative,0.2,0.0,0.0,0.0,0.0,0.0,0.0,0.1,0.0,0.2,0.1,0.1,0.0,0.1,0.05,0.05,0.05,0.0,0.0,0.05
negative,0.1,0.15,0.0,0.05,0.0,0.0,0.0,0.1,0.1,0.2,0.15,0.05,0.0,0.05,0.0,0.05,0.0,0.0,0.0,0.0
negative,0.05,0.1,0.0,0.0,0.0,0.15,0.0,0.05,0.05,0.05,0.0,0.05,0.0,0.1,0.35,0.0,0.05,0.0,0.0,0.0
negative,0.25,0.0,0.0,0.05,0.05,0.05,0.0,0.0,0.0,0.0,0.15,0.0,0.0,0.2,0.1,0.05,0.0,0.0,0.05,0.05
negative,0.05,0.05,0.05,0.05,0.1,0.05,0.05,0.1,0.0,0.0,0.25,0.05,0.0,0.0,0.05,0.0,0.0,0.0,0.05,0.1
negative,0.0,0.0,0.05,0.1,0.05,0.0,0.05,0.1,0.05,0.0,0.1,0.05,0.0,0.05,0.1,0.05,0.05,0.0,0.05,0.15
negative,0.23809523809523808,0.0,0.0,0.0,0.0,0.0,0.047619047619047616,0.09523809523809523,0.09523809523809523,0.047619047619047616,0.09523809523809523,0.047619047619047616,0.0,0.09523809523809523,0.047619047619047616,0.0,0.0,0.0,0.0,0.19047619047619047
negative,0.09523809523809523,0.0,0.09523809523809523,0.0,0.19047619047619047,0.0,0.0,0.19047619047619047,0.0,0.047619047619047616,0.047619047619047616,0.0,0.0,0.09523809523809523,0.0,0.047619047619047616,0.0,0.047619047619047616,0.047619047619047616,0.09523809523809523
negative,0.045454545454545456,0.0,0.045454545454545456,0.0,0.18181818181818182,0.0,0.0,0.09090909090909091,0.0,0.0,0.0,0.09090909090909091,0.0,0.13636363636363635,0.045454545454545456,0.18181818181818182,0.09090909090909091,0.045454545454545456,0.045454545454545456,0.0
negative,0.16666666666666666,0.041666666666666664,0.041666666666666664,0.041666666666666664,0.0,0.041666666666666664,0.0,0.125,0.041666666666666664,0.08333333333333333,0.041666666666666664,0.125,0.0,0.08333333333333333,0.0,0.0,0.041666666666666664,0.0,0.0,0.125
negative,0.20833333333333334,0.041666666666666664,0.041666666666666664,0.041666666666666664,0.0,0.0,0.0,0.125,0.041666666666666664,0.08333333333333333,0.041666666666666664,0.125,0.0,0.08333333333333333,0.0,0.0,0.041666666666666664,0.0,0.0,0.125
negative,0.20833333333333334,0.0,0.08333333333333333,0.041666666666666664,0.0,0.041666666666666664,0.0,0.08333333333333333,0.0,0.125,0.041666666666666664,0.20833333333333334,0.0,0.041666666666666664,0.0,0.0,0.041666666666666664,0.041666666666666664,0.0,0.041666666666666664
negative,0.16666666666666666,0.0,0.041666666666666664,0.041666666666666664,0.0,0.041666666666666664,0.0,0.08333333333333333,0.041666666666666664,0.16666666666666666,0.041666666666666664,0.20833333333333334,0.0,0.0,0.0,0.041666666666666664,0.041666666666666664,0.041666666666666664,0.0,0.041666666666666664
negative,0.16666666666666666,0.0,0.041666666666666664,0.041666666666666664,0.0,0.0,0.041666666666666664,0.08333333333333333,0.0,0.125,0.041666666666666664,0.20833333333333334,0.0,0.041666666666666664,0.0,0.08333333333333333,0.041666666666666664,0.041666666666666664,0.0,0.041666666666666664
negative,0.20833333333333334,0.0,0.041666666666666664,0.041666666666666664,0.0,0.041666666666666664,0.0,0.08333333333333333,0.0,0.125,0.041666666666666664,0.20833333333333334,0.0,0.041666666666666664,0.0,0.041666666666666664,0.041666666666666664,0.041666666666666664,0.0,0.041666666666666664
negative,0.125,0.0,0.0,0.041666666666666664,0.0,0.0,0.0,0.08333333333333333,0.0,0.041666666666666664,0.16666666666666666,0.16666666666666666,0.0,0.125,0.041666666666666664,0.16666666666666666,0.0,0.041666666666666664,0.0,0.0
negative,0.08333333333333333,0.16666666666666666,0.041666666666666664,0.0,0.041666666666666664,0.0,0.0,0.125,0.0,0.08333333333333333,0.2916666666666667,0.16666666666666666,0.0,0.0,0.0,0.0,0.0,0.0,0.0,0.0
negative,0.0,0.0,0.041666666666666664,0.0,0.20833333333333334,0.0,0.0,0.16666666666666666,0.0,0.0,0.041666666666666664,0.0,0.0,0.041666666666666664,0.08333333333333333,0.20833333333333334,0.125,0.041666666666666664,0.0,0.041666666666666664
negative,0.04,0.12,0.0,0.08,0.0,0.04,0.0,0.0,0.04,0.04,0.28,0.16,0.04,0.0,0.0,0.0,0.04,0.0,0.0,0.12
negative,0.12,0.12,0.0,0.0,0.0,0.0,0.0,0.16,0.16,0.16,0.08,0.08,0.0,0.08,0.0,0.0,0.0,0.04,0.0,0.0
negative,0.12,0.16,0.0,0.0,0.0,0.0,0.0,0.16,0.16,0.16,0.08,0.04,0.0,0.08,0.0,0.0,0.0,0.04,0.0,0.0
negative,0.16,0.0,0.04,0.04,0.0,0.0,0.04,0.12,0.0,0.04,0.08,0.12,0.12,0.04,0.0,0.04,0.04,0.04,0.0,0.08
negative,0.038461538461538464,0.07692307692307693,0.038461538461538464,0.07692307692307693,0.038461538461538464,0.0,0.038461538461538464,0.0,0.07692307692307693,0.038461538461538464,0.15384615384615385,0.3076923076923077,0.0,0.0,0.0,0.0,0.0,0.0,0.0,0.11538461538461539
negative,0.0,0.2692307692307692,0.0,0.0,0.0,0.0,0.0,0.0,0.038461538461538464,0.07692307692307693,0.07692307692307693,0.0,0.0,0.19230769230769232,0.3076923076923077,0.0,0.0,0.0,0.038461538461538464,0.0
negative,0.19230769230769232,0.038461538461538464,0.07692307692307693,0.0,0.0,0.0,0.0,0.15384615384615385,0.07692307692307693,0.038461538461538464,0.07692307692307693,0.038461538461538464,0.0,0.038461538461538464,0.0,0.038461538461538464,0.038461538461538464,0.07692307692307693,0.0,0.11538461538461539
negative,0.2962962962962963,0.0,0.07407407407407407,0.0,0.0,0.0,0.0,0.037037037037037035,0.0,0.0,0.2222222222222222,0.14814814814814814,0.037037037037037035,0.0,0.0,0.0,0.037037037037037035,0.037037037037037035,0.0,0.1111111111111111
negative,0.0,0.1111111111111111,0.0,0.0,0.037037037037037035,0.07407407407407407,0.1111111111111111,0.0,0.0,0.07407407407407407,0.14814814814814814,0.0,0.0,0.037037037037037035,0.037037037037037035,0.2222222222222222,0.037037037037037035,0.0,0.07407407407407407,0.037037037037037035
negative,0.21428571428571427,0.0,0.10714285714285714,0.03571428571428571,0.0,0.03571428571428571,0.0,0.07142857142857142,0.0,0.0,0.14285714285714285,0.14285714285714285,0.03571428571428571,0.0,0.0,0.0,0.07142857142857142,0.03571428571428571,0.0,0.10714285714285714
negative,0.0,0.03571428571428571,0.03571428571428571,0.07142857142857142,0.10714285714285714,0.0,0.07142857142857142,0.14285714285714285,0.03571428571428571,0.03571428571428571,0.07142857142857142,0.10714285714285714,0.0,0.03571428571428571,0.07142857142857142,0.03571428571428571,0.03571428571428571,0.0,0.03571428571428571,0.07142857142857142
negative,0.0,0.0,0.06896551724137931,0.0,0.06896551724137931,0.0,0.034482758620689655,0.1724137931034483,0.034482758620689655,0.10344827586206896,0.13793103448275862,0.20689655172413793,0.0,0.06896551724137931,0.0,0.0,0.06896551724137931,0.034482758620689655,0.0,0.0
negative,0.0,0.0,0.10344827586206896,0.0,0.06896551724137931,0.0,0.034482758620689655,0.1724137931034483,0.034482758620689655,0.10344827586206896,0.13793103448275862,0.1724137931034483,0.0,0.06896551724137931,0.0,0.0,0.06896551724137931,0.034482758620689655,0.0,0.0
negative,0.20689655172413793,0.0,0.0,0.06896551724137931,0.0,0.0,0.034482758620689655,0.10344827586206896,0.0,0.034482758620689655,0.06896551724137931,0.20689655172413793,0.06896551724137931,0.034482758620689655,0.034482758620689655,0.0,0.06896551724137931,0.06896551724137931,0.0,0.0
negative,0.3448275862068966,0.0,0.0,0.0,0.0,0.06896551724137931,0.034482758620689655,0.13793103448275862,0.0,0.06896551724137931,0.10344827586206896,0.13793103448275862,0.0,0.0,0.0,0.034482758620689655,0.034482758620689655,0.034482758620689655,0.0,0.0
negative,0.03333333333333333,0.03333333333333333,0.03333333333333333,0.0,0.26666666666666666,0.03333333333333333,0.0,0.13333333333333333,0.0,0.03333333333333333,0.03333333333333333,0.06666666666666667,0.0,0.0,0.03333333333333333,0.1,0.03333333333333333,0.03333333333333333,0.06666666666666667,0.03333333333333333
negative,0.2,0.0,0.03333333333333333,0.0,0.0,0.03333333333333333,0.03333333333333333,0.16666666666666666,0.0,0.03333333333333333,0.16666666666666666,0.13333333333333333,0.03333333333333333,0.0,0.0,0.03333333333333333,0.03333333333333333,0.03333333333333333,0.0,0.06666666666666667
negative,0.06666666666666667,0.0,0.03333333333333333,0.0,0.16666666666666666,0.0,0.0,0.03333333333333333,0.0,0.13333333333333333,0.03333333333333333,0.16666666666666666,0.0,0.0,0.0,0.13333333333333333,0.16666666666666666,0.0,0.0,0.06666666666666667
negative,0.13333333333333333,0.13333333333333333,0.0,0.0,0.2,0.0,0.03333333333333333,0.1,0.0,0.03333333333333333,0.03333333333333333,0.0,0.0,0.1,0.03333333333333333,0.0,0.03333333333333333,0.03333333333333333,0.1,0.03333333333333333
negative,0.0967741935483871,0.12903225806451613,0.0,0.0,0.0,0.0967741935483871,0.12903225806451613,0.0,0.0,0.03225806451612903,0.16129032258064516,0.0967741935483871,0.03225806451612903,0.0,0.03225806451612903,0.0967741935483871,0.0,0.0,0.06451612903225806,0.03225806451612903
negative,0.25806451612903225,0.0,0.0,0.03225806451612903,0.0,0.03225806451612903,0.0,0.0967741935483871,0.03225806451612903,0.03225806451612903,0.12903225806451613,0.12903225806451613,0.06451612903225806,0.03225806451612903,0.0,0.03225806451612903,0.0967741935483871,0.03225806451612903,0.0,0.0
negative,0.06451612903225806,0.03225806451612903,0.0,0.0,0.0967741935483871,0.0,0.0,0.0967741935483871,0.03225806451612903,0.06451612903225806,0.06451612903225806,0.1935483870967742,0.0,0.06451612903225806,0.0,0.0967741935483871,0.16129032258064516,0.0,0.0,0.03225806451612903
negative,0.03225806451612903,0.0,0.06451612903225806,0.0,0.0,0.0,0.03225806451612903,0.03225806451612903,0.03225806451612903,0.0967741935483871,0.25806451612903225,0.06451612903225806,0.06451612903225806,0.06451612903225806,0.0,0.03225806451612903,0.06451612903225806,0.03225806451612903,0.03225806451612903,0.0967741935483871
negative,0.0,0.25,0.0625,0.0,0.1875,0.0,0.03125,0.09375,0.0,0.0625,0.0625,0.0,0.0,0.0,0.0,0.15625,0.03125,0.0,0.0625,0.0
negative,0.09090909090909091,0.0,0.030303030303030304,0.06060606060606061,0.06060606060606061,0.0,0.0,0.12121212121212122,0.0,0.06060606060606061,0.15151515151515152,0.15151515151515152,0.0,0.030303030303030304,0.0,0.09090909090909091,0.09090909090909091,0.030303030303030304,0.0,0.030303030303030304
negative,0.15151515151515152,0.0,0.030303030303030304,0.0,0.06060606060606061,0.06060606060606061,0.030303030303030304,0.09090909090909091,0.0,0.030303030303030304,0.15151515151515152,0.18181818181818182,0.0,0.06060606060606061,0.0,0.09090909090909091,0.0,0.0,0.030303030303030304,0.030303030303030304
negative,0.030303030303030304,0.2727272727272727,0.030303030303030304,0.0,0.18181818181818182,0.0,0.030303030303030304,0.09090909090909091,0.030303030303030304,0.06060606060606061,0.030303030303030304,0.0,0.0,0.06060606060606061,0.0,0.030303030303030304,0.06060606060606061,0.0,0.06060606060606061,0.030303030303030304
negative,0.030303030303030304,0.24242424242424243,0.030303030303030304,0.0,0.18181818181818182,0.0,0.030303030303030304,0.12121212121212122,0.0,0.06060606060606061,0.06060606060606061,0.0,0.0,0.06060606060606061,0.0,0.030303030303030304,0.06060606060606061,0.0,0.06060606060606061,0.030303030303030304
negative,0.0,0.12121212121212122,0.030303030303030304,0.030303030303030304,0.18181818181818182,0.06060606060606061,0.030303030303030304,0.09090909090909091,0.0,0.030303030303030304,0.06060606060606061,0.030303030303030304,0.0,0.06060606060606061,0.030303030303030304,0.030303030303030304,0.09090909090909091,0.0,0.06060606060606061,0.06060606060606061
negative,0.06060606060606061,0.0,0.0,0.030303030303030304,0.12121212121212122,0.12121212121212122,0.030303030303030304,0.0,0.12121212121212122,0.0,0.06060606060606061,0.09090909090909091,0.09090909090909091,0.06060606060606061,0.030303030303030304,0.15151515151515152,0.0,0.0,0.030303030303030304,0.0
negative,0.3939393939393939,0.0,0.030303030303030304,0.0,0.0,0.0,0.06060606060606061,0.09090909090909091,0.0,0.030303030303030304,0.06060606060606061,0.18181818181818182,0.0,0.0,0.0,0.06060606060606061,0.0,0.030303030303030304,0.0,0.06060606060606061
negative,0.030303030303030304,0.2727272727272727,0.0,0.0,0.18181818181818182,0.0,0.030303030303030304,0.12121212121212122,0.030303030303030304,0.06060606060606061,0.12121212121212122,0.0,0.0,0.06060606060606061,0.0,0.0,0.0,0.0,0.030303030303030304,0.06060606060606061
negative,0.23529411764705882,0.0,0.058823529411764705,0.0,0.058823529411764705,0.058823529411764705,0.0,0.11764705882352941,0.0,0.0,0.11764705882352941,0.14705882352941177,0.0,0.058823529411764705,0.0,0.08823529411764706,0.0,0.0,0.029411764705882353,0.029411764705882353
negative,0.2647058823529412,0.0,0.029411764705882353,0.0,0.0,0.029411764705882353,0.0,0.20588235294117646,0.029411764705882353,0.029411764705882353,0.058823529411764705,0.14705882352941177,0.0,0.029411764705882353,0.0,0.029411764705882353,0.0,0.058823529411764705,0.0,0.08823529411764706
negative,0.0,0.11764705882352941,0.058823529411764705,0.0,0.0,0.029411764705882353,0.08823529411764706,0.058823529411764705,0.029411764705882353,0.11764705882352941,0.029411764705882353,0.17647058823529413,0.029411764705882353,0.0,0.0,0.058823529411764705,0.11764705882352941,0.029411764705882353,0.058823529411764705,0.0
negative,0.027777777777777776,0.19444444444444445,0.05555555555555555,0.0,0.16666666666666666,0.0,0.027777777777777776,0.1388888888888889,0.0,0.027777777777777776,0.027777777777777776,0.0,0.0,0.05555555555555555,0.08333333333333333,0.027777777777777776,0.05555555555555555,0.0,0.1111111111111111,0.0
negative,0.1111111111111111,0.1111111111111111,0.027777777777777776,0.027777777777777776,0.16666666666666666,0.1111111111111111,0.0,0.027777777777777776,0.027777777777777776,0.027777777777777776,0.0,0.027777777777777776,0.0,0.1111111111111111,0.0,0.08333333333333333,0.027777777777777776,0.027777777777777776,0.027777777777777776,0.05555555555555555
negative,0.05555555555555555,0.05555555555555555,0.0,0.027777777777777776,0.16666666666666666,0.0,0.0,0.1388888888888889,0.05555555555555555,0.0,0.05555555555555555,0.08333333333333333,0.0,0.1111111111111111,0.05555555555555555,0.027777777777777776,0.027777777777777776,0.05555555555555555,0.0,0.08333333333333333
negative,0.05405405405405406,0.16216216216216217,0.02702702702702703,0.0,0.16216216216216217,0.05405405405405406,0.0,0.16216216216216217,0.05405405405405406,0.02702702702702703,0.02702702702702703,0.02702702702702703,0.0,0.08108108108108109,0.02702702702702703,0.02702702702702703,0.05405405405405406,0.0,0.05405405405405406,0.0
negative,0.10810810810810811,0.0,0.0,0.05405405405405406,0.05405405405405406,0.05405405405405406,0.0,0.13513513513513514,0.0,0.05405405405405406,0.10810810810810811,0.16216216216216217,0.02702702702702703,0.05405405405405406,0.0,0.08108108108108109,0.05405405405405406,0.0,0.0,0.05405405405405406
negative,0.05405405405405406,0.05405405405405406,0.02702702702702703,0.05405405405405406,0.0,0.05405405405405406,0.0,0.10810810810810811,0.0,0.05405405405405406,0.05405405405405406,0.21621621621621623,0.0,0.10810810810810811,0.0,0.08108108108108109,0.02702702702702703,0.0,0.0,0.10810810810810811
negative,0.08108108108108109,0.02702702702702703,0.02702702702702703,0.05405405405405406,0.0,0.05405405405405406,0.02702702702702703,0.10810810810810811,0.0,0.05405405405405406,0.05405405405405406,0.24324324324324326,0.0,0.13513513513513514,0.0,0.08108108108108109,0.0,0.0,0.0,0.05405405405405406
negative,0.10810810810810811,0.05405405405405406,0.02702702702702703,0.05405405405405406,0.0,0.05405405405405406,0.02702702702702703,0.10810810810810811,0.0,0.05405405405405406,0.08108108108108109,0.21621621621621623,0.0,0.08108108108108109,0.0,0.08108108108108109,0.0,0.0,0.0,0.05405405405405406
negative,0.05405405405405406,0.05405405405405406,0.02702702702702703,0.05405405405405406,0.0,0.05405405405405406,0.0,0.08108108108108109,0.0,0.05405405405405406,0.05405405405405406,0.21621621621621623,0.0,0.10810810810810811,0.0,0.10810810810810811,0.02702702702702703,0.0,0.0,0.10810810810810811
negative,0.02702702702702703,0.0,0.10810810810810811,0.08108108108108109,0.0,0.08108108108108109,0.0,0.16216216216216217,0.02702702702702703,0.10810810810810811,0.05405405405405406,0.08108108108108109,0.0,0.0,0.13513513513513514,0.05405405405405406,0.02702702702702703,0.02702702702702703,0.02702702702702703,0.0
negative,0.10810810810810811,0.02702702702702703,0.02702702702702703,0.02702702702702703,0.0,0.0,0.02702702702702703,0.08108108108108109,0.05405405405405406,0.02702702702702703,0.10810810810810811,0.05405405405405406,0.02702702702702703,0.08108108108108109,0.0,0.13513513513513514,0.02702702702702703,0.0,0.02702702702702703,0.16216216216216217
negative,0.0,0.08108108108108109,0.05405405405405406,0.02702702702702703,0.02702702702702703,0.0,0.08108108108108109,0.10810810810810811,0.0,0.13513513513513514,0.05405405405405406,0.13513513513513514,0.05405405405405406,0.02702702702702703,0.0,0.05405405405405406,0.02702702702702703,0.0,0.05405405405405406,0.08108108108108109
negative,0.02631578947368421,0.0,0.05263157894736842,0.02631578947368421,0.15789473684210525,0.0,0.02631578947368421,0.13157894736842105,0.0,0.05263157894736842,0.0,0.18421052631578946,0.0,0.05263157894736842,0.02631578947368421,0.10526315789473684,0.02631578947368421,0.02631578947368421,0.0,0.10526315789473684
negative,0.05263157894736842,0.15789473684210525,0.05263157894736842,0.0,0.15789473684210525,0.05263157894736842,0.0,0.15789473684210525,0.05263157894736842,0.02631578947368421,0.02631578947368421,0.02631578947368421,0.0,0.07894736842105263,0.02631578947368421,0.02631578947368421,0.05263157894736842,0.0,0.05263157894736842,0.0
negative,0.02631578947368421,0.13157894736842105,0.02631578947368421,0.0,0.15789473684210525,0.02631578947368421,0.0,0.15789473684210525,0.05263157894736842,0.02631578947368421,0.07894736842105263,0.0,0.0,0.02631578947368421,0.02631578947368421,0.10526315789473684,0.05263157894736842,0.02631578947368421,0.07894736842105263,0.0
negative,0.1282051282051282,0.0,0.15384615384615385,0.0,0.15384615384615385,0.02564102564102564,0.0,0.10256410256410256,0.0,0.0,0.07692307692307693,0.05128205128205128,0.0,0.0,0.0,0.05128205128205128,0.07692307692307693,0.07692307692307693,0.02564102564102564,0.07692307692307693
negative,0.1794871794871795,0.07692307692307693,0.02564102564102564,0.05128205128205128,0.0,0.07692307692307693,0.10256410256410256,0.07692307692307693,0.0,0.15384615384615385,0.02564102564102564,0.07692307692307693,0.0,0.05128205128205128,0.02564102564102564,0.02564102564102564,0.02564102564102564,0.0,0.0,0.02564102564102564
negative,0.10256410256410256,0.02564102564102564,0.05128205128205128,0.02564102564102564,0.02564102564102564,0.05128205128205128,0.0,0.02564102564102564,0.0,0.07692307692307693,0.15384615384615385,0.05128205128205128,0.02564102564102564,0.05128205128205128,0.0,0.1794871794871795,0.02564102564102564,0.0,0.0,0.1282051282051282
negative,0.275,0.0,0.05,0.1,0.0,0.0,0.05,0.05,0.0,0.05,0.15,0.1,0.025,0.0,0.125,0.025,0.0,0.0,0.0,0.0
negative,0.075,0.075,0.05,0.025,0.15,0.025,0.0,0.175,0.05,0.05,0.075,0.025,0.0,0.025,0.0,0.05,0.05,0.0,0.025,0.075
negative,0.0,0.175,0.05,0.025,0.15,0.0,0.0,0.15,0.0,0.05,0.075,0.05,0.0,0.075,0.025,0.1,0.0,0.0,0.05,0.025
negative,0.0975609756097561,0.024390243902439025,0.0,0.0,0.04878048780487805,0.024390243902439025,0.04878048780487805,0.04878048780487805,0.04878048780487805,0.0975609756097561,0.04878048780487805,0.04878048780487805,0.04878048780487805,0.04878048780487805,0.04878048780487805,0.12195121951219512,0.17073170731707318,0.0,0.0,0.024390243902439025
negative,0.0975609756097561,0.024390243902439025,0.0,0.0,0.04878048780487805,0.04878048780487805,0.04878048780487805,0.04878048780487805,0.04878048780487805,0.0975609756097561,0.04878048780487805,0.024390243902439025,0.04878048780487805,0.04878048780487805,0.04878048780487805,0.12195121951219512,0.14634146341463414,0.0,0.0,0.04878048780487805
negative,0.07317073170731707,0.0975609756097561,0.024390243902439025,0.0,0.1951219512195122,0.14634146341463414,0.0,0.17073170731707318,0.0,0.0,0.04878048780487805,0.0,0.0,0.0,0.0,0.14634146341463414,0.024390243902439025,0.024390243902439025,0.04878048780487805,0.0
negative,0.023809523809523808,0.19047619047619047,0.023809523809523808,0.023809523809523808,0.14285714285714285,0.0,0.0,0.11904761904761904,0.0,0.023809523809523808,0.023809523809523808,0.0,0.0,0.11904761904761904,0.023809523809523808,0.11904761904761904,0.023809523809523808,0.0,0.09523809523809523,0.047619047619047616
negative,0.023809523809523808,0.19047619047619047,0.023809523809523808,0.023809523809523808,0.14285714285714285,0.0,0.0,0.11904761904761904,0.0,0.047619047619047616,0.023809523809523808,0.0,0.0,0.11904761904761904,0.023809523809523808,0.09523809523809523,0.047619047619047616,0.0,0.09523809523809523,0.023809523809523808
negative,0.09523809523809523,0.07142857142857142,0.047619047619047616,0.14285714285714285,0.0,0.0,0.07142857142857142,0.023809523809523808,0.023809523809523808,0.09523809523809523,0.09523809523809523,0.047619047619047616,0.0,0.0,0.11904761904761904,0.023809523809523808,0.047619047619047616,0.023809523809523808,0.047619047619047616,0.023809523809523808
negative,0.023809523809523808,0.11904761904761904,0.0,0.047619047619047616,0.0,0.023809523809523808,0.047619047619047616,0.0,0.023809523809523808,0.14285714285714285,0.047619047619047616,0.023809523809523808,0.0,0.047619047619047616,0.2619047619047619,0.07142857142857142,0.047619047619047616,0.023809523809523808,0.023809523809523808,0.023809523809523808
negative,0.09523809523809523,0.023809523809523808,0.047619047619047616,0.0,0.0,0.09523809523809523,0.11904761904761904,0.023809523809523808,0.0,0.047619047619047616,0.19047619047619047,0.21428571428571427,0.023809523809523808,0.0,0.0,0.047619047619047616,0.023809523809523808,0.0,0.0,0.047619047619047616
negative,0.13953488372093023,0.0,0.18604651162790697,0.023255813953488372,0.046511627906976744,0.0,0.0,0.13953488372093023,0.023255813953488372,0.023255813953488372,0.023255813953488372,0.09302325581395349,0.023255813953488372,0.023255813953488372,0.0,0.06976744186046512,0.046511627906976744,0.023255813953488372,0.046511627906976744,0.06976744186046512
negative,0.13953488372093023,0.0,0.023255813953488372,0.046511627906976744,0.06976744186046512,0.0,0.046511627906976744,0.16279069767441862,0.0,0.09302325581395349,0.06976744186046512,0.06976744186046512,0.023255813953488372,0.046511627906976744,0.046511627906976744,0.023255813953488372,0.046511627906976744,0.023255813953488372,0.0,0.06976744186046512
negative,0.06976744186046512,0.046511627906976744,0.023255813953488372,0.023255813953488372,0.13953488372093023,0.06976744186046512,0.0,0.09302325581395349,0.06976744186046512,0.06976744186046512,0.046511627906976744,0.06976744186046512,0.0,0.023255813953488372,0.023255813953488372,0.046511627906976744,0.06976744186046512,0.023255813953488372,0.023255813953488372,0.06976744186046512
negative,0.13953488372093023,0.0,0.11627906976744186,0.023255813953488372,0.046511627906976744,0.0,0.0,0.20930232558139536,0.0,0.06976744186046512,0.023255813953488372,0.11627906976744186,0.0,0.0,0.0,0.09302325581395349,0.023255813953488372,0.046511627906976744,0.046511627906976744,0.046511627906976744
negative,0.13953488372093023,0.046511627906976744,0.06976744186046512,0.023255813953488372,0.13953488372093023,0.023255813953488372,0.023255813953488372,0.11627906976744186,0.046511627906976744,0.046511627906976744,0.06976744186046512,0.046511627906976744,0.0,0.046511627906976744,0.0,0.046511627906976744,0.023255813953488372,0.0,0.0,0.09302325581395349
negative,0.13953488372093023,0.046511627906976744,0.06976744186046512,0.023255813953488372,0.13953488372093023,0.023255813953488372,0.023255813953488372,0.11627906976744186,0.046511627906976744,0.046511627906976744,0.06976744186046512,0.046511627906976744,0.0,0.046511627906976744,0.0,0.06976744186046512,0.023255813953488372,0.0,0.0,0.06976744186046512
negative,0.11627906976744186,0.06976744186046512,0.046511627906976744,0.046511627906976744,0.13953488372093023,0.046511627906976744,0.0,0.09302325581395349,0.023255813953488372,0.06976744186046512,0.09302325581395349,0.06976744186046512,0.023255813953488372,0.0,0.0,0.06976744186046512,0.023255813953488372,0.0,0.0,0.06976744186046512
negative,0.06818181818181818,0.1590909090909091,0.045454545454545456,0.0,0.1590909090909091,0.045454545454545456,0.0,0.1590909090909091,0.045454545454545456,0.022727272727272728,0.045454545454545456,0.045454545454545456,0.022727272727272728,0.022727272727272728,0.022727272727272728,0.022727272727272728,0.045454545454545456,0.0,0.045454545454545456,0.022727272727272728
negative,0.0,0.13636363636363635,0.022727272727272728,0.0,0.13636363636363635,0.06818181818181818,0.0,0.11363636363636363,0.0,0.022727272727272728,0.06818181818181818,0.0,0.0,0.06818181818181818,0.06818181818181818,0.09090909090909091,0.06818181818181818,0.0,0.09090909090909091,0.045454545454545456
negative,0.045454545454545456,0.045454545454545456,0.09090909090909091,0.045454545454545456,0.13636363636363635,0.0,0.045454545454545456,0.1590909090909091,0.022727272727272728,0.022727272727272728,0.022727272727272728,0.06818181818181818,0.0,0.022727272727272728,0.0,0.06818181818181818,0.045454545454545456,0.045454545454545456,0.045454545454545456,0.06818181818181818
negative,0.13636363636363635,0.0,0.045454545454545456,0.022727272727272728,0.0,0.045454545454545456,0.045454545454545456,0.06818181818181818,0.0,0.06818181818181818,0.045454545454545456,0.1590909090909091,0.0,0.0,0.045454545454545456,0.09090909090909091,0.045454545454545456,0.06818181818181818,0.022727272727272728,0.09090909090909091
negative,0.13636363636363635,0.0,0.09090909090909091,0.022727272727272728,0.0,0.0,0.06818181818181818,0.045454545454545456,0.0,0.045454545454545456,0.06818181818181818,0.18181818181818182,0.0,0.022727272727272728,0.045454545454545456,0.06818181818181818,0.06818181818181818,0.06818181818181818,0.0,0.06818181818181818
negative,0.045454545454545456,0.045454545454545456,0.09090909090909091,0.045454545454545456,0.13636363636363635,0.0,0.06818181818181818,0.13636363636363635,0.022727272727272728,0.022727272727272728,0.022727272727272728,0.06818181818181818,0.0,0.022727272727272728,0.0,0.06818181818181818,0.045454545454545456,0.06818181818181818,0.045454545454545456,0.045454545454545456
negative,0.09090909090909091,0.045454545454545456,0.06818181818181818,0.11363636363636363,0.022727272727272728,0.0,0.09090909090909091,0.022727272727272728,0.022727272727272728,0.06818181818181818,0.18181818181818182,0.11363636363636363,0.0,0.0,0.045454545454545456,0.0,0.0,0.0,0.045454545454545456,0.045454545454545456
negative,0.08888888888888889,0.022222222222222223,0.0,0.022222222222222223,0.0,0.022222222222222223,0.08888888888888889,0.13333333333333333,0.0,0.0,0.15555555555555556,0.24444444444444444,0.022222222222222223,0.044444444444444446,0.022222222222222223,0.06666666666666667,0.0,0.022222222222222223,0.022222222222222223,0.022222222222222223
negative,0.06666666666666667,0.022222222222222223,0.022222222222222223,0.022222222222222223,0.0,0.044444444444444446,0.1111111111111111,0.044444444444444446,0.0,0.044444444444444446,0.06666666666666667,0.08888888888888889,0.022222222222222223,0.044444444444444446,0.022222222222222223,0.06666666666666667,0.08888888888888889,0.022222222222222223,0.1111111111111111,0.08888888888888889
negative,0.0,0.0,0.06666666666666667,0.044444444444444446,0.0,0.0,0.08888888888888889,0.08888888888888889,0.022222222222222223,0.022222222222222223,0.044444444444444446,0.2222222222222222,0.022222222222222223,0.022222222222222223,0.0,0.1111111111111111,0.022222222222222223,0.022222222222222223,0.0,0.2
negative,0.021739130434782608,0.021739130434782608,0.06521739130434782,0.08695652173913043,0.06521739130434782,0.0,0.0,0.043478260869565216,0.0,0.021739130434782608,0.08695652173913043,0.13043478260869565,0.021739130434782608,0.043478260869565216,0.043478260869565216,0.043478260869565216,0.17391304347826086,0.021739130434782608,0.043478260869565216,0.06521739130434782
negative,0.06521739130434782,0.043478260869565216,0.0,0.06521739130434782,0.21739130434782608,0.10869565217391304,0.021739130434782608,0.13043478260869565,0.06521739130434782,0.0,0.0,0.0,0.0,0.043478260869565216,0.043478260869565216,0.043478260869565216,0.021739130434782608,0.0,0.021739130434782608,0.06521739130434782
negative,0.0,0.02127659574468085,0.10638297872340426,0.02127659574468085,0.06382978723404255,0.0425531914893617,0.10638297872340426,0.0851063829787234,0.02127659574468085,0.0425531914893617,0.1276595744680851,0.0425531914893617,0.06382978723404255,0.0425531914893617,0.02127659574468085,0.02127659574468085,0.10638297872340426,0.02127659574468085,0.0,0.0425531914893617
negative,0.0,0.02127659574468085,0.1276595744680851,0.02127659574468085,0.06382978723404255,0.0425531914893617,0.10638297872340426,0.0851063829787234,0.02127659574468085,0.0425531914893617,0.1276595744680851,0.02127659574468085,0.06382978723404255,0.0425531914893617,0.02127659574468085,0.02127659574468085,0.10638297872340426,0.02127659574468085,0.0,0.0425531914893617
negative,0.06382978723404255,0.0,0.06382978723404255,0.0851063829787234,0.0,0.0425531914893617,0.02127659574468085,0.06382978723404255,0.0,0.1276595744680851,0.0425531914893617,0.1276595744680851,0.06382978723404255,0.0,0.0,0.0851063829787234,0.06382978723404255,0.0,0.0425531914893617,0.10638297872340426
negative,0.0625,0.020833333333333332,0.08333333333333333,0.0625,0.0625,0.0,0.10416666666666667,0.08333333333333333,0.0,0.08333333333333333,0.041666666666666664,0.08333333333333333,0.041666666666666664,0.020833333333333332,0.020833333333333332,0.08333333333333333,0.041666666666666664,0.020833333333333332,0.0,0.08333333333333333
negative,0.1875,0.0625,0.041666666666666664,0.020833333333333332,0.0,0.0625,0.020833333333333332,0.0625,0.0,0.041666666666666664,0.14583333333333334,0.1875,0.020833333333333332,0.041666666666666664,0.020833333333333332,0.041666666666666664,0.0,0.0,0.0,0.041666666666666664
negative,0.12244897959183673,0.0,0.061224489795918366,0.02040816326530612,0.04081632653061224,0.04081632653061224,0.22448979591836735,0.0,0.02040816326530612,0.08163265306122448,0.02040816326530612,0.04081632653061224,0.04081632653061224,0.02040816326530612,0.0,0.08163265306122448,0.04081632653061224,0.04081632653061224,0.08163265306122448,0.02040816326530612
negative,0.1,0.02,0.0,0.12,0.12,0.0,0.12,0.0,0.02,0.04,0.1,0.02,0.04,0.02,0.0,0.18,0.04,0.0,0.0,0.06
negative,0.12,0.0,0.04,0.02,0.04,0.04,0.04,0.12,0.04,0.02,0.12,0.06,0.04,0.04,0.08,0.08,0.06,0.0,0.0,0.0
negative,0.0,0.06,0.04,0.1,0.16,0.06,0.04,0.08,0.0,0.02,0.02,0.16,0.0,0.02,0.16,0.02,0.0,0.0,0.02,0.04
negative,0.06,0.04,0.04,0.02,0.16,0.02,0.06,0.12,0.04,0.04,0.02,0.1,0.0,0.02,0.06,0.08,0.02,0.02,0.06,0.02
negative,0.06,0.04,0.04,0.02,0.16,0.02,0.06,0.12,0.04,0.04,0.04,0.1,0.0,0.02,0.04,0.08,0.02,0.02,0.06,0.02
negative,0.0196078431372549,0.0,0.0784313725490196,0.0196078431372549,0.058823529411764705,0.058823529411764705,0.09803921568627451,0.0784313725490196,0.0392156862745098,0.058823529411764705,0.09803921568627451,0.0392156862745098,0.0392156862745098,0.058823529411764705,0.0,0.11764705882352941,0.058823529411764705,0.0196078431372549,0.0,0.058823529411764705
negative,0.058823529411764705,0.0,0.09803921568627451,0.0196078431372549,0.058823529411764705,0.0392156862745098,0.11764705882352941,0.058823529411764705,0.0392156862745098,0.09803921568627451,0.0784313725490196,0.058823529411764705,0.0196078431372549,0.0392156862745098,0.0,0.0784313725490196,0.058823529411764705,0.0196078431372549,0.0,0.058823529411764705
negative,0.0784313725490196,0.1568627450980392,0.0392156862745098,0.0196078431372549,0.0784313725490196,0.0196078431372549,0.0392156862745098,0.058823529411764705,0.0196078431372549,0.0392156862745098,0.0392156862745098,0.11764705882352941,0.0196078431372549,0.058823529411764705,0.0196078431372549,0.09803921568627451,0.0196078431372549,0.0196078431372549,0.0196078431372549,0.0392156862745098
negative,0.058823529411764705,0.0,0.058823529411764705,0.0196078431372549,0.058823529411764705,0.0392156862745098,0.11764705882352941,0.058823529411764705,0.058823529411764705,0.11764705882352941,0.0784313725490196,0.058823529411764705,0.0196078431372549,0.0392156862745098,0.0,0.0784313725490196,0.0784313725490196,0.0196078431372549,0.0,0.0392156862745098
negative,0.09615384615384616,0.019230769230769232,0.09615384615384616,0.057692307692307696,0.07692307692307693,0.0,0.07692307692307693,0.057692307692307696,0.0,0.038461538461538464,0.038461538461538464,0.11538461538461539,0.019230769230769232,0.057692307692307696,0.038461538461538464,0.09615384615384616,0.038461538461538464,0.0,0.019230769230769232,0.057692307692307696
negative,0.09615384615384616,0.019230769230769232,0.07692307692307693,0.057692307692307696,0.07692307692307693,0.0,0.09615384615384616,0.057692307692307696,0.0,0.019230769230769232,0.057692307692307696,0.11538461538461539,0.019230769230769232,0.057692307692307696,0.038461538461538464,0.09615384615384616,0.038461538461538464,0.0,0.019230769230769232,0.057692307692307696
negative,0.09615384615384616,0.057692307692307696,0.057692307692307696,0.019230769230769232,0.0,0.057692307692307696,0.019230769230769232,0.07692307692307693,0.038461538461538464,0.057692307692307696,0.11538461538461539,0.0,0.038461538461538464,0.057692307692307696,0.15384615384615385,0.038461538461538464,0.057692307692307696,0.0,0.019230769230769232,0.038461538461538464
negative,0.09615384615384616,0.0,0.038461538461538464,0.07692307692307693,0.11538461538461539,0.0,0.1346153846153846,0.019230769230769232,0.0,0.07692307692307693,0.057692307692307696,0.038461538461538464,0.07692307692307693,0.019230769230769232,0.019230769230769232,0.057692307692307696,0.11538461538461539,0.0,0.0,0.057692307692307696
negative,0.058823529411764705,0.058823529411764705,0.0196078431372549,0.0392156862745098,0.0,0.0,0.13725490196078433,0.1568627450980392,0.0,0.0784313725490196,0.0784313725490196,0.09803921568627451,0.0196078431372549,0.0196078431372549,0.0,0.0,0.09803921568627451,0.0,0.0,0.13725490196078433
negative,0.0392156862745098,0.058823529411764705,0.0392156862745098,0.0784313725490196,0.0,0.0,0.11764705882352941,0.13725490196078433,0.0,0.0784313725490196,0.0784313725490196,0.09803921568627451,0.0196078431372549,0.0196078431372549,0.0,0.0,0.0784313725490196,0.0,0.0,0.1568627450980392
